hl_id,name,charge,run,smiles
1,1-8-9-2,-1,1,C#CCCC(=O)N[C@H]1CSCc2ccccc2CSC[C@@H](C(N)=O)NC(=O)[C@H](CS(=O)(=O)[O-])NC(=O)CN(C)C(=O)CNC(=O)[C@@H](Cc2ccccc2)NC1=O
2,1-9-1-5,-1,1,C#CCCC(=O)N[C@H]1CSCc2ccccc2CSC[C@@H](C(N)=O)NC(=O)[C@H](CS(=O)(=O)[O-])NC(=O)[C@H](CC(C)C)N(C)C(=O)[C@@H]2CCCN2C(=O)[C@H]([C@@H](C)O)NC1=O
3,2-9-4-12,0,1,C#CCCC(=O)N[C@H]1CSCc2ccccc2CSC[C@@H](C(N)=O)NC(=O)C[C@H](c2ccco2)NC(=O)[C@H](CC(C)C)N(C)C(=O)[C@@H]2CCCCN2C(=O)[C@H](CO)NC1=O
4,2-9-9-8,0,0,C#CCCC(=O)N[C@H]1CSCc2ccccc2CSC[C@@H](C(N)=O)NC(=O)C[C@H](c2ccco2)NC(=O)[C@H](CC(C)C)N(C)C(=O)CNC(=O)CN(C)C1=O
5,2-12-1-9,0,1,C#CCCC(=O)N[C@H]1CSCc2ccccc2CSC[C@@H](C(N)=O)NC(=O)C[C@H](c2ccco2)NC(=O)[C@H](CO)NC(=O)[C@@H]2CCCN2C(=O)[C@H](CC(C)C)N(C)C1=O
6,2-12-3-7,0,1,C#CCCC(=O)N[C@H]1CSCc2ccccc2CSC[C@@H](C(N)=O)NC(=O)C[C@H](c2ccco2)NC(=O)[C@H](CO)NC(=O)[C@@H]2C[C@@H](O)CN2C(=O)CNC1=O
7,2-12-4-8,0,1,C#CCCC(=O)N[C@H]1CSCc2ccccc2CSC[C@@H](C(N)=O)NC(=O)C[C@H](c2ccco2)NC(=O)[C@H](CO)NC(=O)[C@@H]2CCCCN2C(=O)CN(C)C1=O
8,2-14-1-1,0,1,C#CCCC(=O)N[C@H]1CSCc2ccccc2CSC[C@@H](C(N)=O)NC(=O)C[C@H](c2ccco2)NC(=O)[C@H](COC)NC(=O)[C@@H]2CCCN2C(=O)[C@H](Cc2ccccc2)NC1=O
9,3-11-10-11,0,1,C#CCCC(=O)N[C@H]1CSCc2ccccc2CSC[C@@H](C(N)=O)NC(=O)[C@H](c2cccs2)NC(=O)[C@H]([C@@H](C)CC)NC(=O)CN(C)C(=O)[C@H]([C@@H](C)CC)NC1=O
10,3-11-4-9,0,1,C#CCCC(=O)N[C@H]1CSCc2ccccc2CSC[C@@H](C(N)=O)NC(=O)[C@H](c2cccs2)NC(=O)[C@H]([C@@H](C)CC)NC(=O)[C@@H]2CCCCN2C(=O)[C@H](CC(C)C)N(C)C1=O
11,3-11-5-5,0,1,C#CCCC(=O)N[C@H]1CSCc2ccccc2CSC[C@@H](C(N)=O)NC(=O)[C@H](c2cccs2)NC(=O)[C@H]([C@@H](C)CC)NC(=O)[C@@H]2C[C@@H](F)CN2C(=O)[C@H]([C@@H](C)O)NC1=O
12,3-12-10-6,0,1,C#CCCC(=O)N[C@H]1CSCc2ccccc2CSC[C@@H](C(N)=O)NC(=O)[C@H](c2cccs2)NC(=O)[C@H](CO)NC(=O)CN(C)C(=O)[C@@H]([C@H](C)O)NC1=O
13,3-14-8-3,0,1,C#CCCC(=O)N[C@H]1CSCc2ccccc2CSC[C@@H](C(N)=O)NC(=O)[C@H](c2cccs2)NC(=O)[C@H](COC)NC(=O)[C@@H]2CCN2C(=O)[C@H](Cc2ccccc2)N(C)C1=O
14,3-12-8-12,0,0,C#CCCC(=O)N[C@H]1CSCc2ccccc2CSC[C@@H](C(N)=O)NC(=O)[C@H](c2cccs2)NC(=O)[C@H](CO)NC(=O)[C@@H]2CCN2C(=O)[C@H](CO)NC1=O
15,3-8-1-3,0,1,C#CCCC(=O)N[C@H]1CSCc2ccccc2CSC[C@@H](C(N)=O)NC(=O)[C@H](c2cccs2)NC(=O)CN(C)C(=O)[C@@H]2CCCN2C(=O)[C@H](Cc2ccccc2)N(C)C1=O
16,3-8-8-12,0,1,C#CCCC(=O)N[C@H]1CSCc2ccccc2CSC[C@@H](C(N)=O)NC(=O)[C@H](c2cccs2)NC(=O)CN(C)C(=O)[C@@H]2CCN2C(=O)[C@H](CO)NC1=O
17,4-8-3-10,0,1,C#CCCC(=O)N[C@H]1CSCc2ccccc2CSC[C@@H](C(N)=O)NC(=O)C[C@H](O)[C@H](CC2CCCCC2)NC(=O)CN(C)C(=O)[C@@H]2C[C@@H](O)CN2C(=O)[C@@H](CC(C)C)N(C)C1=O
18,4-11-1-7,0,1,C#CCCC(=O)N[C@H]1CSCc2ccccc2CSC[C@@H](C(N)=O)NC(=O)C[C@H](O)[C@H](CC2CCCCC2)NC(=O)[C@H]([C@@H](C)CC)NC(=O)[C@@H]2CCCN2C(=O)CNC1=O
19,4-12-7-7,0,1,C#CCCC(=O)N[C@H]1CSCc2ccccc2CSC[C@@H](C(N)=O)NC(=O)C[C@H](O)[C@H](CC2CCCCC2)NC(=O)[C@H](CO)NC(=O)[C@@H]2CCCN(C2)C(=O)CNC1=O
20,5-11-3-12,0,1,C#CCCC(=O)N[C@H]1CSCc2ccccc2CSC[C@@H](C(N)=O)NC(=O)[C@H](Cc2c[nH]c3ccccc23)NC(=O)[C@H]([C@@H](C)CC)NC(=O)[C@@H]2C[C@@H](O)CN2C(=O)[C@H](CO)NC1=O
21,6-5-8-12,0,1,C#CCCC(=O)N[C@H]1CSCc2ccccc2CSC[C@@H](C(N)=O)NC(=O)C[C@@H](c2cccc3ccccc23)NC(=O)[C@H]([C@@H](C)O)NC(=O)[C@@H]2CCN2C(=O)[C@H](CO)NC1=O
22,7-4-9-1,0,1,C#CCCC(=O)N[C@H]1CSCc2ccccc2CSC[C@@H](C(N)=O)NC(=O)[C@H](Cc2ccccc2)NC(=O)[C@H](C)NC(=O)CNC(=O)[C@H](Cc2ccccc2)NC1=O
23,8-2-8-8,0,1,C#CCCC(=O)N[C@H]1CSCc2ccccc2CSC[C@@H](C(N)=O)NC(=O)[C@H](CC(C)C)NC(=O)[C@@H](Cc2ccccc2)NC(=O)[C@@H]2CCN2C(=O)CN(C)C1=O
24,8-4-4-12,0,1,C#CCCC(=O)N[C@H]1CSCc2ccccc2CSC[C@@H](C(N)=O)NC(=O)[C@H](CC(C)C)NC(=O)[C@H](C)NC(=O)[C@@H]2CCCCN2C(=O)[C@H](CO)NC1=O
25,8-13-9-10,0,1,C#CCCC(=O)N[C@H]1CSCc2ccccc2CSC[C@@H](C(N)=O)NC(=O)[C@H](CC(C)C)NC(=O)[C@@H](CO)NC(=O)CNC(=O)[C@@H](CC(C)C)N(C)C1=O
26,9-5-2-11,0,1,C#CCCC(=O)N[C@H]1CSCc2ccccc2CSC[C@@H](C(N)=O)NC(=O)CNC(=O)[C@H]([C@@H](C)O)NC(=O)[C@@H]2CSCN2C(=O)[C@H]([C@@H](C)CC)NC1=O
27,9-5-4-8,0,1,C#CCCC(=O)N[C@H]1CSCc2ccccc2CSC[C@@H](C(N)=O)NC(=O)CNC(=O)[C@H]([C@@H](C)O)NC(=O)[C@@H]2CCCCN2C(=O)CN(C)C1=O
28,9-7-4-7,0,1,C#CCCC(=O)N[C@H]1CSCc2ccccc2CSC[C@@H](C(N)=O)NC(=O)CNC(=O)CNC(=O)[C@@H]2CCCCN2C(=O)CNC1=O
29,10-5-7-13,0,1,C#CCCC(=O)N[C@H]1CSCc2ccccc2CSC[C@@H](C(N)=O)NC(=O)CN(C)C(=O)[C@H]([C@@H](C)O)NC(=O)[C@@H]2CCCN(C2)C(=O)[C@@H](CO)NC1=O
30,10-5-8-12,0,1,C#CCCC(=O)N[C@H]1CSCc2ccccc2CSC[C@@H](C(N)=O)NC(=O)CN(C)C(=O)[C@H]([C@@H](C)O)NC(=O)[C@@H]2CCN2C(=O)[C@H](CO)NC1=O
31,10-13-4-12,0,1,C#CCCC(=O)N[C@H]1CSCc2ccccc2CSC[C@@H](C(N)=O)NC(=O)CN(C)C(=O)[C@@H](CO)NC(=O)[C@@H]2CCCCN2C(=O)[C@H](CO)NC1=O
32,10-13-7-7,0,1,C#CCCC(=O)N[C@H]1CSCc2ccccc2CSC[C@@H](C(N)=O)NC(=O)CN(C)C(=O)[C@@H](CO)NC(=O)[C@@H]2CCCN(C2)C(=O)CNC1=O
33,10-13-10-6,0,1,C#CCCC(=O)N[C@H]1CSCc2ccccc2CSC[C@@H](C(N)=O)NC(=O)CN(C)C(=O)[C@@H](CO)NC(=O)CN(C)C(=O)[C@@H]([C@H](C)O)NC1=O
34,1-6-4-7,-1,1,C#CCCC(=O)N[C@H]1CSCc2ccccc2CSC[C@@H](C(N)=O)NC(=O)[C@H](CS(=O)(=O)[O-])NC(=O)[C@@H]([C@H](C)O)NC(=O)[C@@H]2CCCCN2C(=O)CNC1=O
