ID,PAMPA,permeable,MolWt,embedding_x,embedding_y,kmedoids_cluster,hdbscan_cluster
48,-6.25,0,1326.649,3.7548869,1.844637,5,0
49,-4.96,1,1348.74,5.366803,1.8481603,1,0
50,-4.89,1,1306.659,4.04889,1.9540663,5,0
51,-5.0,1,1382.757,3.8984227,1.1954423,5,0
52,-4.89,1,1382.757,5.35511,1.3801367,1,0
53,-4.52,1,1297.651,3.063488,0.2694281,5,0
54,-4.42,1,1226.572,4.0886683,1.4973153,5,0
55,-4.52,1,1214.561,5.1670556,4.3317156,2,0
56,-4.51,1,1311.678,2.8484845,4.1273084,2,0
57,-4.92,1,1370.746,3.9091978,3.2163951,2,0
58,-4.57,1,1196.543,3.7591684,5.2506905,2,0
59,-4.51,1,1111.437,4.258729,2.2613509,5,0
60,-4.8,1,1069.356,6.9346857,3.735158,3,-1
61,-4.8,1,1083.383,4.084785,2.6765099,3,0
62,-5.24,1,1453.836,3.3051803,1.5209199,5,0
63,-4.96,1,1453.836,2.8507023,0.53192955,3,0
64,-4.7,1,1297.651,3.6754098,1.3180848,5,0
65,-4.3,1,1385.801,2.6717396,1.9562243,5,0
66,-4.48,1,1327.721,3.7193477,0.84359765,3,0
67,-4.74,1,1413.855,4.786955,4.0368376,2,0
68,-4.46,1,1244.587,5.1429653,0.9767739,1,0
69,-4.47,1,1228.588,2.1714432,4.926792,2,0
70,-4.64,1,1089.346,5.597508,1.4496602,1,0
71,-4.52,1,1384.773,3.5908632,0.86855084,5,0
72,-4.82,1,1382.757,4.3535295,3.2592242,5,0
73,-4.68,1,1426.81,3.260333,1.7304718,5,0
74,-4.52,1,1410.811,2.9246168,5.44809,2,0
75,-4.59,1,1412.783,5.017096,1.1225841,1,0
76,-4.7,1,1396.784,2.7437222,2.2002177,3,0
77,-4.68,1,1370.746,5.8548303,2.0710526,1,0
78,-4.38,1,1111.437,4.0095067,3.9190657,3,0
79,-4.72,1,1398.8,5.766281,1.1594821,1,0
80,-4.48,1,1412.783,3.3427827,0.7885368,5,0
81,-4.77,1,1484.934,1.848985,2.0589535,3,0
82,-4.62,1,1384.773,2.153299,2.0336015,3,0
83,-4.85,1,1283.624,4.9772296,3.8304682,3,0
84,-4.72,1,1311.678,3.6052501,1.965144,5,0
85,-4.64,1,1297.651,4.164514,1.6110948,5,0
86,-4.59,1,1313.694,5.7435603,1.2414689,1,0
87,-4.68,1,1399.828,1.6045547,2.6239917,5,0
88,-4.4,1,1341.748,1.7443749,2.14338,5,0
89,-5.27,1,1096.382,3.726749,2.5712857,3,0
90,-4.57,1,1228.588,3.294484,5.3150163,2,0
91,-5.27,1,1110.409,2.9024987,5.3515553,2,0
92,-4.54,1,1214.561,3.601735,1.9043024,5,0
93,-5.48,1,1096.382,5.5847435,2.9524016,3,0
94,-4.8,1,1196.543,4.066088,2.4209168,5,0
95,-4.68,1,1111.437,5.740486,1.5329598,1,0
96,-4.42,1,1101.401,6.0196986,1.6595079,1,0
97,-4.55,1,1103.373,3.8120399,5.3776245,2,0
98,-4.92,1,1103.373,2.5109012,4.5692306,3,0
99,-4.6,1,1125.464,3.719107,5.4496107,2,0
100,-4.89,1,1398.756,3.1582487,3.4914348,5,0
101,-4.64,1,1398.8,2.8053606,3.3283362,5,0
102,-5.04,1,1484.934,2.7301576,4.2442803,2,0
103,-4.7,1,1396.784,2.0787885,0.50939614,3,0
104,-4.59,1,1484.934,2.2944338,5.275917,2,0
105,-4.66,1,1370.746,4.306179,1.3263881,5,0
106,-4.55,1,1398.8,5.4478374,1.1721755,1,0
107,-5.14,1,1209.542,5.5982738,2.9245887,3,0
108,-4.89,1,1399.828,1.4592894,4.169895,2,0
109,-4.57,1,1313.694,5.7345366,1.1293131,1,0
110,-4.59,1,1299.667,5.2869973,2.8144085,3,0
111,-4.25,1,1341.748,2.8458602,0.680942,5,0
112,-5.77,1,1413.855,2.5962691,3.9356303,2,0
113,-4.25,1,1327.721,2.782496,5.288936,2,0
114,-5.74,1,1223.569,2.4533439,4.468522,2,0
115,-4.72,1,1413.855,3.886371,4.3635974,2,0
116,-5.17,1,1383.829,2.6681628,2.299867,5,0
117,-4.35,1,1327.721,3.899874,3.1113136,5,0
118,-4.47,1,1297.651,3.0544846,3.5234313,5,0
119,-4.64,1,1426.81,5.0901484,4.4418797,2,0
120,-4.66,1,1384.773,2.5901225,1.548277,5,0
121,-4.52,1,1410.811,2.0615754,4.0253725,3,0
122,-4.52,1,1371.774,2.8127117,4.8719754,2,0
123,-4.92,1,1223.569,3.82169,2.2433515,5,0
124,-4.46,1,1279.677,2.558092,1.5763936,5,0
125,-4.55,1,1325.705,2.6435945,2.5389993,5,0
126,-4.36,1,1427.882,3.4243948,4.8221884,2,0
127,-6.35,0,1262.605,3.361023,2.3264105,5,0
128,-4.64,1,1234.551,3.3601987,2.3421674,5,0
129,-4.6,1,1234.551,3.9262054,1.9403781,5,0
130,-4.85,1,1152.49,5.5478644,2.8767235,3,0
131,-4.8,1,1276.632,4.76493,2.7365446,5,0
132,-4.3,1,1244.587,2.912532,3.1323366,5,0
133,-4.39,1,1242.615,3.454409,4.1367383,2,0
134,-4.49,1,1224.597,3.8200617,3.6384652,3,0
135,-4.24,1,1412.827,5.372709,2.6356363,3,0
136,-4.7,1,1356.719,2.801248,5.120603,2,0
137,-4.26,1,1129.455,2.2849221,5.0661497,2,0
138,-4.27,1,1219.58,0.87640977,3.8660126,6,0
139,-4.33,1,1129.455,4.3001924,1.5097641,5,0
140,-4.64,1,1101.401,3.0569782,0.5670934,5,0
141,-4.77,1,1117.4,4.58989,1.8392589,1,0
142,-4.68,1,1111.437,3.070728,2.7761314,5,0
143,-4.21,1,1384.773,2.1489327,1.5028622,3,0
144,-4.41,1,1412.827,2.305541,1.8386558,5,0
145,-4.52,1,1398.8,3.933322,1.3458549,5,0
146,-4.89,1,1396.784,3.0061917,3.0126987,5,0
147,-5.28,1,1096.382,3.923906,1.0450895,5,0
148,-4.46,1,1214.561,2.5029151,3.2147696,3,0
149,-4.49,1,1384.773,4.57371,0.92438996,5,0
150,-4.51,1,1210.57,2.674622,5.4289746,2,0
151,-4.64,1,1327.721,2.186766,2.636837,5,0
152,-4.21,1,1228.588,2.214512,0.29706123,3,0
153,-5.4,1,1110.409,5.785735,1.5863456,1,0
154,-4.7,1,1237.596,2.5777917,3.827204,3,0
155,-4.19,1,1210.57,2.0265725,4.716752,2,0
156,-4.54,1,1214.561,3.215144,4.17056,2,0
157,-4.59,1,1311.678,6.2467923,1.9776895,1,0
158,-4.54,1,1256.642,3.409155,4.5020766,2,0
159,-4.51,1,1083.383,5.644946,2.8632436,1,0
160,-4.77,1,1399.828,1.8212305,4.825956,2,0
161,-4.48,1,1087.374,5.7262864,2.854906,1,0
162,-4.57,1,1313.694,3.5807254,1.8116603,5,0
163,-4.21,1,1125.464,4.299244,5.35482,2,-1
164,-4.59,1,1087.374,5.7577224,3.5672526,1,0
165,-5.03,1,1383.829,4.8051248,3.9540064,2,0
166,-4.26,1,1125.464,2.6110876,0.5817659,3,0
167,-4.62,1,1341.748,5.9517794,2.9748569,1,0
168,-4.57,1,1087.374,5.1081696,1.2747049,1,0
169,-4.31,1,1355.775,4.870288,3.8450623,2,0
170,-4.41,1,1355.775,1.4942383,2.1748004,5,0
171,-4.43,1,1097.41,5.1764503,1.6249489,1,0
172,-4.59,1,1073.347,6.1410904,4.9258857,4,-1
173,-4.46,1,1311.678,2.7594824,1.5590154,5,0
174,-4.64,1,1083.383,3.7947228,2.985403,3,0
175,-4.52,1,1297.651,5.251451,4.382455,2,0
176,-4.25,1,1313.694,2.250563,5.226169,2,0
177,-4.26,1,1355.775,4.859981,3.8507442,2,0
178,-5.02,1,1209.542,4.0194035,3.7504952,3,0
179,-4.64,1,1371.774,2.4017937,4.731055,2,0
180,-4.44,1,1214.561,3.619173,1.3072338,5,0
181,-4.37,1,1196.543,2.7600064,5.1667347,2,0
182,-4.3,1,1258.614,3.1178575,0.04385229,1,0
183,-4.15,1,1242.615,2.508185,5.399191,2,0
184,-4.24,1,1228.588,7.064221,2.4152467,1,0
185,-4.66,1,1214.561,5.2247815,3.8296688,3,0
186,-4.32,1,1200.534,5.705073,3.3665864,1,0
187,-4.6,1,1117.4,2.844647,2.9788847,5,0
188,-4.64,1,1441.825,3.7497094,2.2628677,5,0
189,-6.0,1,1574.031,1.8021537,1.9750344,3,0
190,-4.77,1,1441.825,2.88704,0.37804604,3,0
191,-4.64,1,1545.977,4.2686424,3.5800943,5,0
192,-4.74,1,1455.852,3.4633334,0.65177804,3,0
193,-4.59,1,1543.961,2.7321234,-0.016243506,3,0
194,-4.54,1,1545.977,3.4850218,4.8755474,2,0
195,-5.89,1,1588.058,1.6878847,0.61977386,3,0
196,-4.34,1,1529.934,3.1040213,2.997242,5,0
197,-4.43,1,1545.977,1.7603021,0.86392045,3,0
198,-4.37,1,1418.79,3.1943314,0.96745646,5,0
199,-4.55,1,1384.773,2.3098333,3.3543532,3,0
200,-5.85,1,1488.925,3.6905093,1.3212198,5,0
201,-6.22,0,1516.979,2.9459298,2.2894962,5,0
202,-4.47,1,1432.817,3.5511067,2.247768,5,0
203,-6.19,0,1502.952,2.142176,2.071788,5,0
204,-4.28,1,1432.817,2.0287454,2.8788521,3,0
205,-4.66,1,1398.8,2.0735886,4.496026,3,0
206,-5.1,1,1342.692,2.7942178,0.7713139,3,0
207,-4.54,1,1257.586,2.5063064,0.6920402,3,0
208,-4.57,1,1313.694,2.4752846,5.3918586,2,0
209,-4.44,1,1285.64,3.8883786,1.4308149,5,0
210,-4.23,1,1327.721,1.7737557,0.80311555,3,0
211,-4.66,1,1291.603,2.309569,5.0845857,2,0
212,-4.57,1,1327.721,2.4751332,3.1202276,5,0
213,-4.26,1,1313.694,3.889971,2.9229856,5,0
214,-4.96,1,1560.004,2.285292,0.53378,5,0
215,-4.66,1,1560.004,1.7951832,3.00357,3,0
216,-6.92,0,1608.048,2.651952,1.8156217,5,0
217,-5.05,1,1574.031,4.4984736,3.6299431,5,0
218,-6.8,0,1664.156,1.5898241,2.2356796,5,0
219,-4.57,1,1474.898,2.1467013,0.7302112,5,0
220,-4.38,1,1438.78,2.971943,0.878513,5,0
221,-5.74,1,1502.952,1.540015,2.9456336,5,0
222,-5.49,1,1488.925,4.775354,4.317119,2,0
223,-4.54,1,1432.817,2.2152476,0.8637191,5,0
224,-4.26,1,1452.807,4.5816584,1.8094821,3,0
225,-4.47,1,1432.817,2.8974948,1.1814634,5,0
226,-4.62,1,1382.757,3.9630992,3.1710825,5,0
227,-5.35,1,1412.827,3.024133,4.4348764,2,0
228,-4.42,1,1384.773,2.9828846,0.8327243,5,0
229,-4.48,1,1410.811,3.8971112,4.0827713,2,0
230,-5.89,1,1498.961,1.4256526,4.418207,2,0
231,-4.48,1,1396.784,2.3889458,0.9248855,3,0
232,-4.51,1,1398.8,3.2757576,4.9706755,2,0
233,-4.8,1,1412.783,4.533306,1.4090965,5,0
234,-4.64,1,1398.8,3.8816152,1.62241,5,0
235,-4.74,1,1396.784,3.6190562,1.1567544,5,0
236,-4.8,1,1410.811,2.190431,2.9351203,3,0
237,-4.49,1,1285.64,5.133323,0.94716877,1,0
238,-4.42,1,1297.651,4.3669934,3.8757534,2,0
239,-5.28,1,1369.802,2.76575,1.0934491,5,0
240,-4.48,1,1313.694,3.6238196,1.4811674,5,0
241,-4.36,1,1313.694,2.9907534,1.6491736,5,0
242,-4.74,1,1325.705,3.4600124,4.6964946,2,0
243,-4.74,1,1341.748,3.5011034,2.508702,5,0
244,-4.49,1,1327.721,1.9614645,0.77949816,3,0
245,-5.7,1,1369.802,1.6893616,2.3706603,5,0
246,-5.05,1,1369.802,4.912367,4.2091017,2,0
247,-4.15,1,1311.678,2.8533065,3.7764153,2,0
248,-4.92,1,1223.569,3.00079,4.835557,2,0
249,-4.72,1,1299.667,4.587816,1.348489,3,0
250,-4.6,1,1311.678,2.1501458,4.018204,3,0
251,-4.42,1,1341.748,5.3749785,1.0379943,1,0
252,-4.59,1,1327.721,2.7650614,3.7216809,2,0
253,-4.54,1,1299.667,2.610114,1.3040198,5,0
254,-5.08,1,1223.569,4.3982186,1.9231133,5,0
255,-4.51,1,1341.748,2.767382,1.8999062,5,0
256,-4.51,1,1285.64,2.8171563,1.4561384,5,0
257,-4.39,1,1313.694,3.397418,1.5740508,5,0
258,-4.55,1,1327.721,3.5540566,0.7643071,5,0
259,-5.59,1,1397.856,1.6221192,2.7608912,5,0
260,-4.47,1,1355.775,1.5007789,2.6283822,3,0
261,-4.54,1,1341.748,2.3895998,1.8853742,5,0
262,-4.62,1,1369.802,5.5138116,0.9306665,1,0
263,-4.33,1,1214.561,3.6422677,2.758332,5,0
264,-5.12,1,1124.436,3.8700204,2.2089977,5,0
265,-5.46,1,1124.436,5.2645655,4.744998,2,0
266,-4.32,1,1242.615,1.9345907,2.3433878,5,0
267,-4.72,1,1284.696,3.1271808,2.2945356,5,0
268,-4.48,1,1224.597,3.7866802,1.5351086,5,0
269,-4.28,1,1228.588,2.1863992,1.4583493,3,0
270,-4.55,1,1228.588,5.683036,3.5150588,1,0
271,-4.36,1,1244.587,3.7891817,3.5952227,3,0
272,-4.57,1,1242.615,4.962017,3.4532542,5,0
273,-4.42,1,1228.588,2.1134562,1.2678345,5,0
274,-4.47,1,1073.347,3.0938835,5.283529,2,0
275,-4.43,1,1157.509,2.2486885,3.6620502,2,0
276,-4.38,1,1139.491,3.680214,4.33881,2,0
277,-4.37,1,1111.437,4.421864,5.463538,2,-1
278,-4.6,1,1097.41,4.7214313,5.7156243,2,-1
279,-4.3,1,1143.482,4.868951,3.099405,5,0
280,-4.96,1,1097.41,2.6509416,5.493732,2,0
281,-4.66,1,1103.373,2.9767838,2.9315922,5,0
282,-5.0,1,1089.346,4.576308,2.6464114,7,0
283,-4.31,1,1139.491,2.6517363,0.12509252,3,0
284,-4.68,1,1412.827,2.38405,1.8218359,5,0
285,-4.6,1,1313.694,4.927425,1.1052704,1,0
286,-4.44,1,1341.748,1.8621747,2.8419034,2,0
287,-4.72,1,1311.678,2.5128112,0.33904183,3,0
288,-4.42,1,1258.614,2.4743834,3.3257322,2,0
289,-5.82,1,1557.988,2.3296833,1.2145606,5,0
290,-4.82,1,1545.977,3.0761256,2.1285985,5,0
291,-4.68,1,1543.961,3.072058,1.9559094,5,0
292,-4.77,1,1588.058,1.7924356,0.36971006,3,0
293,-4.55,1,1501.924,2.2425385,0.92234826,5,0
294,-5.82,1,1543.961,2.3096318,3.4356635,2,0
295,-6.68,0,1574.031,5.0841956,3.5000777,1,0
296,-4.8,1,1441.825,2.9698155,3.4548855,5,0
297,-6.62,0,1650.129,4.848157,4.3058243,2,0
298,-5.85,1,1579.994,1.8664762,4.6925716,2,0
299,-4.74,1,1342.692,2.413329,4.361847,3,0
300,-6.85,0,1650.129,2.7997258,2.0126696,5,0
301,-4.72,1,1384.773,5.343168,4.383596,4,0
302,-4.85,1,1418.79,5.6157427,1.1452351,1,0
303,-7.0,0,1678.183,1.1037797,3.0132298,5,0
304,-4.35,1,1517.923,2.5522668,1.6891842,5,0
305,-4.77,1,1370.746,2.6274648,3.263087,2,0
306,-7.0,0,1664.156,1.957057,2.4894154,5,0
307,-4.82,1,1356.719,2.8786728,2.9438963,5,0
308,-4.72,1,1574.031,5.798141,1.0210571,1,0
309,-5.15,1,1594.021,3.2669716,5.3269167,2,0
310,-5.28,1,1502.952,3.1909692,1.9593225,5,0
311,-5.09,1,1574.031,3.4240587,1.3882829,5,0
312,-4.82,1,1432.817,4.321956,3.1722972,5,0
313,-4.74,1,1560.004,2.1064985,0.5742915,5,0
314,-5.92,1,1579.994,4.1002564,1.4301565,5,0
315,-4.46,1,1418.79,2.0765896,3.3757799,3,0
316,-4.46,1,1313.694,2.3062484,1.431427,5,0
317,-4.25,1,1446.844,2.7290006,1.9404192,5,0
318,-4.66,1,1277.576,5.53498,1.2325939,1,0
319,-4.57,1,1341.748,2.52075,2.3416576,5,0
320,-4.59,1,1452.807,2.3538,0.2736766,3,0
321,-4.46,1,1271.613,5.6096554,2.8493228,3,0
322,-4.32,1,1291.603,3.4893563,2.5660439,5,0
323,-4.33,1,1452.807,3.1734276,1.6299442,5,0
324,-4.68,1,1327.721,3.6327846,4.524435,2,0
325,-4.31,1,1438.78,5.561813,2.2408273,1,0
326,-4.52,1,1418.79,2.1405954,2.9034996,3,0
327,-4.92,1,1277.576,5.388308,3.9384906,4,0
328,-4.7,1,1386.745,5.018806,1.207597,1,0
329,-4.59,1,1384.773,3.8316586,3.8720124,3,0
330,-6.0,1,1266.594,3.7849224,2.591024,3,0
331,-5.82,1,1333.684,5.4025598,0.9451102,1,0
332,-5.21,1,1285.64,3.4752316,4.767073,2,0
333,-5.0,1,1243.559,5.2644787,4.514243,2,0
334,-5.11,1,1355.775,3.3976157,2.1917677,5,0
335,-5.11,1,1237.596,3.1513345,2.8296053,5,0
336,-4.36,1,1341.748,1.7213123,2.2285585,5,0
337,-5.6,1,1243.559,4.644126,2.0403476,1,0
338,-5.46,1,1223.569,3.7420666,2.0241516,5,0
339,-4.8,1,1237.596,2.6778975,2.8328547,5,0
340,-5.62,1,1262.605,3.9974627,1.7088125,5,0
341,-5.0,1,1206.497,4.0455713,1.2166647,5,0
342,-6.62,0,1276.632,3.9513166,1.6504494,5,0
343,-4.85,1,1290.659,3.0970519,2.1755853,5,0
344,-4.33,1,1242.615,2.5938504,2.372547,5,0
345,-4.7,1,1290.659,3.4267642,1.9731338,5,0
346,-4.66,1,1244.587,3.187131,3.6628466,2,0
347,-4.46,1,1284.696,2.0136576,1.5738491,5,0
348,-4.77,1,1172.48,2.5550144,4.9982767,6,0
349,-5.31,1,1290.659,4.5993705,4.102832,2,0
350,-4.74,1,1256.642,2.3548157,5.320566,2,0
351,-4.51,1,1202.506,2.9772973,4.9574885,2,0
352,-5.02,1,1144.426,5.805463,4.5924087,4,0
353,-4.48,1,1095.438,5.6048546,4.2619257,4,0
354,-4.44,1,1171.536,1.0540484,3.781481,3,0
355,-4.66,1,1503.896,2.0164666,3.2221525,3,0
356,-5.55,1,1433.761,3.022403,0.33433378,3,0
357,-5.4,1,1461.815,2.6746383,0.42835984,3,0
358,-4.6,1,1503.896,4.629239,3.756155,3,0
359,-4.72,1,1475.842,2.255327,3.623697,3,0
360,-5.41,1,1314.638,5.463833,3.533066,3,0
361,-5.7,1,1474.898,3.4165246,0.9006671,5,0
362,-4.2,1,1488.925,3.1304457,0.55454266,3,0
363,-4.6,1,1390.736,2.9884963,2.7299764,5,0
364,-4.8,1,1376.709,3.1437953,3.2133117,5,0
365,-5.48,1,1314.638,5.5367236,2.8146586,3,0
366,-4.77,1,1362.682,3.1862936,4.881075,2,0
367,-4.47,1,1390.736,2.8619063,0.9264485,3,0
368,-4.85,1,1243.559,5.4881124,1.9063319,1,0
369,-4.49,1,1313.694,2.2720592,0.5120146,3,0
370,-4.37,1,1403.819,1.4811829,2.7790837,5,0
371,-5.14,1,1475.842,2.7996294,5.388759,2,0
372,-5.82,1,1433.761,4.124887,3.5885847,2,0
373,-4.57,1,1503.896,1.8640213,4.7340164,2,0
374,-5.3,1,1433.761,2.5808911,4.2375746,3,0
375,-4.55,1,1557.988,2.2790332,0.90980935,5,0
376,-4.7,1,1469.879,3.0450962,0.11843179,3,0
377,-4.85,1,1602.085,2.7592926,1.0013074,5,0
378,-4.92,1,1475.842,2.8989146,0.6770097,3,0
379,-5.8,1,1385.717,3.87058,1.1041408,5,0
380,-4.59,1,1474.898,3.33051,4.789971,2,0
381,-4.6,1,1404.763,2.1700141,3.46015,3,0
382,-4.47,1,1398.8,4.1854944,3.2698538,5,0
383,-4.38,1,1446.844,5.7780724,1.0750781,1,0
384,-5.04,1,1516.979,2.673906,1.2555636,5,0
385,-4.62,1,1412.827,2.5783517,0.30080706,3,0
386,-4.72,1,1362.682,5.2305827,3.9166605,3,0
387,-4.54,1,1440.881,1.7761086,4.782687,2,0
388,-4.64,1,1376.709,2.4542296,5.4604163,2,0
389,-4.51,1,1277.576,2.6506987,5.263064,2,0
390,-4.39,1,1347.711,3.1019974,1.0814407,5,0
391,-4.77,1,1257.586,5.3787518,2.0146518,1,0
392,-4.35,1,1347.711,1.7371668,0.6824189,3,0
393,-4.31,1,1305.63,4.5259104,3.0299683,3,0
394,-4.85,1,1305.63,2.4215398,3.2496765,3,0
395,-4.59,1,1341.748,1.7287966,4.38904,2,0
396,-4.74,1,1285.64,2.5308511,0.69407916,3,0
397,-4.27,1,1347.711,4.561246,3.8590403,2,0
398,-5.55,1,1403.819,2.0025709,0.23867401,5,0
399,-4.96,1,1257.586,5.6176653,2.6845722,3,0
400,-4.82,1,1489.869,5.304481,2.4791584,3,0
401,-5.46,1,1579.994,2.6930404,0.020079736,1,0
402,-5.35,1,1475.842,2.255335,4.296978,3,0
403,-4.7,1,1517.923,2.2998698,2.9824662,3,0
404,-4.74,1,1509.859,2.9895833,0.8000568,3,0
405,-4.66,1,1503.896,3.3413196,0.40836573,5,0
406,-4.72,1,1503.896,3.1292887,0.18605052,5,0
407,-4.26,1,1438.78,3.1416278,1.7784986,5,0
408,-4.96,1,1488.925,1.8564988,2.6661274,5,0
409,-4.62,1,1404.763,5.4927497,2.0837312,1,0
410,-6.05,0,1488.925,1.6298895,1.888854,5,0
411,-4.82,1,1404.763,1.989179,0.55312854,3,0
412,-5.07,1,1466.834,3.0994575,5.4373,2,0
413,-4.62,1,1466.834,2.9092176,0.9237535,5,0
414,-4.74,1,1502.952,3.367315,0.77479947,5,0
415,-4.7,1,1446.844,2.8410947,1.6411054,5,0
416,-4.59,1,1432.817,4.415883,3.747965,2,0
417,-5.36,1,1362.682,5.3186793,2.6042,3,0
418,-4.42,1,1418.79,2.028353,3.064999,3,0
419,-5.72,1,1328.665,2.7460244,0.5637135,3,0
420,-4.89,1,1386.745,5.0203433,1.841141,1,0
421,-5.85,1,1266.594,4.3353987,3.3920527,3,0
422,-5.08,1,1251.623,5.7579365,1.2122362,1,0
423,-4.59,1,1307.731,4.4328604,3.7446988,2,0
424,-4.54,1,1279.677,4.9677215,1.7669997,1,0
425,-5.36,1,1223.569,2.7266147,0.24078931,3,0
426,-5.54,1,1333.684,3.8865812,1.2706488,5,0
427,-6.64,0,1341.748,2.9233565,2.5494778,5,0
428,-4.37,1,1279.677,4.251408,1.0046715,5,0
429,-4.55,1,1265.65,5.3979564,1.5839268,1,0
430,-5.17,1,1257.586,2.718381,5.2040753,2,0
431,-5.0,1,1223.569,5.3537383,4.12306,3,0
432,-4.54,1,1237.596,2.283662,3.7815397,3,0
433,-5.42,1,1215.505,3.7145314,3.0841973,3,0
434,-4.82,1,1220.524,4.042462,0.9772203,5,0
435,-4.34,1,1276.632,1.971535,4.892947,6,0
436,-4.57,1,1256.642,2.9540682,1.9113998,5,0
437,-4.44,1,1258.614,2.6862082,2.9552703,5,0
438,-4.43,1,1242.615,3.707288,1.6745487,5,0
439,-4.59,1,1180.544,2.7306342,3.315626,2,0
440,-4.82,1,1312.75,4.973973,4.062965,0,0
441,-4.49,1,1206.497,2.7733638,4.3741894,2,0
442,-4.47,1,1220.524,5.610541,1.5503956,1,0
443,-4.59,1,1270.669,4.9765444,4.38779,2,0
444,-4.35,1,1152.49,6.380621,1.6299934,1,0
445,-4.42,1,1242.615,3.6278276,1.2461822,5,0
446,-4.8,1,1138.463,5.804092,1.9505293,1,0
447,-4.35,1,1220.524,3.7602186,1.3703926,5,0
448,-4.43,1,1244.587,3.823332,3.2451653,5,0
449,-4.42,1,1202.506,2.521624,4.3513722,3,0
450,-4.47,1,1152.49,3.4489923,0.45874462,3,0
451,-4.54,1,1095.438,3.719196,4.6563773,2,0
452,-4.43,1,1219.58,2.0533347,1.6537751,5,0
453,-4.42,1,1219.58,1.0893135,3.763651,6,0
454,-5.04,1,1461.815,4.1790876,4.0020003,3,0
455,-6.14,0,1385.717,5.386923,2.2056265,3,0
456,-4.96,1,1461.815,2.9671206,1.7531554,3,0
457,-4.4,1,1418.79,2.8824012,0.7086876,5,0
458,-4.48,1,1426.854,2.4891152,2.261195,5,0
459,-5.21,1,1342.692,5.612826,2.8110647,3,0
460,-5.22,1,1342.692,3.6420286,5.430883,2,0
461,-5.64,1,1475.842,2.0801888,3.5387049,3,0
462,-4.46,1,1474.898,1.7972234,3.8711047,2,0
463,-4.66,1,1551.94,2.6427293,1.3347732,5,0
464,-4.6,1,1398.8,1.8987442,4.60318,3,0
465,-4.85,1,1545.977,3.8655877,4.865848,2,0
466,-4.82,1,1503.896,5.3422728,1.1543292,1,0
467,-4.39,1,1551.94,2.7279525,3.9810383,2,0
468,-5.0,1,1433.761,4.2959886,3.4876912,3,0
469,-5.11,1,1314.638,2.3102462,3.4918032,3,0
470,-4.72,1,1545.977,2.7973275,-0.04497553,5,0
471,-5.29,1,1447.788,2.1368947,3.5245876,3,0
472,-4.48,1,1403.819,5.1059456,0.8398792,5,0
473,-5.02,1,1243.559,2.915888,5.163149,2,0
474,-5.51,1,1362.682,3.771127,2.1726015,5,0
475,-4.6,1,1404.763,2.137539,3.312803,3,0
476,-5.29,1,1386.745,3.879991,3.9705243,3,0
477,-4.82,1,1356.719,3.5802975,0.7441893,3,0
478,-5.82,1,1300.611,3.7957625,2.3291888,5,0
479,-4.57,1,1412.827,1.9639882,3.0494835,3,0
480,-4.85,1,1356.719,3.0989554,0.16065226,5,0
481,-5.92,1,1300.611,3.5131426,2.9132636,3,0
482,-4.68,1,1299.667,3.2219357,4.124956,2,0
483,-4.62,1,1265.65,5.741561,3.6211019,1,0
484,-4.85,1,1285.64,3.8274531,3.6200054,2,0
485,-4.89,1,1243.559,3.7241771,2.7581449,3,0
486,-4.8,1,1223.569,2.693275,5.4519386,2,0
487,-5.55,1,1195.515,4.263932,3.5414968,3,0
488,-4.54,1,1327.721,3.4926758,4.1618996,2,0
489,-4.74,1,1279.677,2.7656097,1.5669179,5,0
490,-4.34,1,1265.65,3.1289062,4.9984736,2,0
491,-5.18,1,1195.515,3.6458323,2.5646775,3,0
492,-4.51,1,1327.721,3.168028,1.2452391,5,0
493,-5.43,1,1257.586,3.3483474,0.62189996,3,0
494,-4.74,1,1531.95,5.384636,1.6564494,1,0
495,-4.89,1,1560.004,1.931063,2.7298365,3,0
496,-5.23,1,1110.409,2.416922,3.9518113,3,0
497,-4.42,1,1234.551,5.819181,1.31788,1,0
498,-4.62,1,1242.615,5.1701646,3.6551204,1,0
499,-5.21,1,1256.642,2.1448488,5.0176167,2,0
500,-4.62,1,1138.463,3.1960995,0.20105246,5,0
501,-4.96,1,1356.719,3.44875,2.5390737,5,0
502,-4.74,1,1342.692,4.39187,3.0176704,3,0
503,-4.7,1,1398.8,3.5692732,2.3730385,5,0
504,-5.62,1,1488.925,1.6106683,2.997374,2,0
505,-4.26,1,1171.536,3.2002647,1.1929282,5,0
506,-4.68,1,1503.896,5.190862,1.0054041,1,0
507,-4.64,1,1574.031,1.1981395,3.5852034,3,0
508,-5.03,1,1489.869,4.7601795,1.767948,3,0
509,-5.57,1,1461.815,2.655095,1.2641058,3,0
510,-6.51,0,1664.156,1.8553249,2.1970327,5,0
511,-4.57,1,1531.95,1.8360778,4.719482,2,0
512,-6.64,0,1579.994,4.9296813,3.6677227,3,0
513,-4.77,1,1489.869,5.4665036,2.605305,3,0
514,-6.7,0,1594.021,4.9742274,4.2351375,2,0
515,-4.51,1,1509.859,3.0082886,1.0838158,5,0
516,-5.17,1,1433.761,2.3826535,3.8270032,3,0
517,-4.7,1,1503.896,2.713543,3.560688,2,0
518,-4.96,1,1461.815,5.495263,2.6186757,3,0
519,-5.6,1,1433.761,5.3798995,1.6626003,1,0
520,-5.29,1,1447.788,3.800461,5.258983,2,0
521,-5.66,1,1588.058,1.559251,1.9764695,5,0
522,-5.96,1,1280.621,5.5302024,2.0749896,1,0
523,-4.74,1,1095.438,7.9998856,5.319495,4,1
524,-4.52,1,1285.64,2.881752,3.644596,2,0
525,-5.17,1,1251.623,4.0083046,3.3296566,5,0
526,-7.0,0,1248.578,3.2890582,2.6766148,5,0
527,-5.04,1,1285.64,3.1888683,0.18380576,3,0
528,-4.54,1,1143.482,2.2425086,5.2948976,2,0
529,-4.36,1,1032.294,7.005584,3.6566718,3,-1
530,-5.28,1,942.169,5.5353837,2.134142,1,0
531,-4.7,1,998.277,5.7527075,1.5621316,1,0
532,-4.8,1,968.251,6.5736346,3.4925432,3,-1
533,-4.66,1,1012.304,6.1589665,5.8185396,4,-1
534,-4.85,1,974.214,4.624798,2.1495516,1,0
535,-4.96,1,998.277,4.1265035,5.972047,2,0
536,-4.89,1,984.25,4.2278786,2.5381675,5,0
537,-4.64,1,998.277,2.9433513,0.3524052,3,0
538,-4.96,1,972.198,4.234151,2.2496169,5,0
539,-5.24,1,871.09,6.8914046,3.8246593,7,-1
540,-4.7,1,885.117,4.8040085,2.1090949,1,0
541,-5.0,1,855.091,6.5672655,5.214163,4,1
542,-5.2,1,885.117,7.037455,2.194015,1,0
543,-4.68,1,885.117,7.321945,3.8441043,7,-1
544,-5.0,1,837.073,6.0715775,5.1023426,2,-1
545,-5.0,1,841.064,5.8819714,1.6221907,1,0
546,-5.26,1,813.01,6.4654703,5.193123,4,1
547,-4.7,1,875.081,4.527435,2.2535055,5,0
548,-4.44,1,1238.624,3.812834,3.9904,3,0
549,-4.64,1,1325.705,2.3558428,3.1426532,3,0
550,-4.66,1,1311.678,2.2964692,5.2908688,2,0
551,-4.55,1,1224.597,2.458656,5.379317,2,0
552,-4.38,1,1341.748,3.0415022,2.127571,5,0
553,-4.4,1,1341.748,2.1508393,1.1663743,5,0
554,-4.39,1,1327.721,2.5521588,3.1062698,5,0
555,-4.47,1,1224.597,3.9128401,4.062245,2,0
556,-4.59,1,1237.596,3.5297256,4.9131746,2,0
557,-4.62,1,1285.64,3.5799024,2.1028495,5,0
558,-4.46,1,1151.417,2.9694538,0.18188174,3,0
559,-4.57,1,1249.607,2.7729604,5.478074,2,0
560,-4.74,1,1402.747,5.1107435,1.0146524,1,0
561,-4.96,1,1209.542,3.278376,5.022283,2,0
562,-4.52,1,1101.401,2.6812837,3.0884948,3,0
563,-5.36,1,1181.488,3.82001,2.4283123,5,0
564,-4.68,1,1192.47,5.7652664,1.7529598,1,0
565,-5.68,1,1560.004,2.880722,1.0903174,5,0
566,-4.64,1,1158.453,4.183312,1.6350287,5,0
567,-7.0,0,1508.915,2.6058793,1.7111814,5,0
568,-7.0,0,1302.714,2.1525893,1.4805455,5,0
569,-5.92,1,1560.004,4.232643,3.314777,5,0
570,-4.55,1,1315.666,2.1382985,4.1852407,3,0
571,-4.82,1,1412.827,2.226215,0.40852487,3,0
572,-6.03,0,1409.782,2.1297338,0.5046219,3,0
573,-5.47,1,1506.897,2.2535229,3.9388793,3,0
574,-4.62,1,1505.953,5.5742993,1.1259583,1,0
575,-6.89,0,1645.11,2.52782,0.864703,5,0
576,-5.57,1,1522.94,2.109067,3.468237,3,0
577,-4.68,1,1597.066,1.9463089,0.42836654,3,0
578,-4.6,1,1497.933,3.7481418,1.4918162,5,0
579,-4.74,1,1511.96,1.8828281,4.6765547,2,0
580,-4.82,1,1448.864,2.7808824,5.475362,2,0
581,-6.36,0,1547.053,1.662519,1.858769,5,0
582,-5.48,1,1481.978,1.9151598,1.4589609,5,0
583,-6.22,0,1580.167,1.236184,3.193311,2,0
584,-4.96,1,1454.864,2.8063965,1.5337121,5,0
585,-5.85,1,1495.965,3.5709085,1.2000178,5,0
586,-4.59,1,1431.833,5.4512415,3.6351187,1,0
587,-6.74,0,1686.166,1.087955,2.9100852,5,0
588,-5.96,1,1599.085,1.1925666,4.0636716,0,0
589,-5.89,1,1705.253,0.9348811,3.8335795,6,0
590,-5.31,1,1571.971,3.3444793,1.0128809,5,0
591,-5.49,1,1678.139,2.5259004,2.5023997,5,0
592,-5.77,1,1613.072,2.0078886,1.5342507,5,0
593,-7.0,0,1733.267,1.6487596,4.6535683,2,0
594,-4.55,1,1562.967,3.2531924,2.3358579,5,0
595,-7.0,0,1697.189,2.3785577,1.4098754,5,0
596,-5.92,1,1565.045,1.5900471,2.2534502,5,0
597,-4.54,1,1368.774,3.0579443,1.9469408,5,0
598,-4.55,1,1410.855,3.178902,1.287284,5,0
599,-4.92,1,1347.683,2.5676067,2.8564274,5,0
600,-4.62,1,1417.868,2.8086238,0.86810285,5,0
601,-4.68,1,1481.911,3.5926657,3.2390306,5,0
602,-4.62,1,1324.702,3.1712596,2.3637004,5,0
603,-4.59,1,1396.809,3.3589213,2.6139016,5,0
604,-4.44,1,1396.828,1.095924,3.8180642,3,0
605,-5.62,1,1328.665,3.8329043,1.1411564,5,0
606,-5.8,1,1425.87,1.3606501,3.6012535,3,0
607,-4.48,1,1190.624,5.1154413,4.602269,4,0
608,-4.3,1,1204.651,1.634818,1.0354041,5,0
609,-4.34,1,1204.651,5.0539446,4.489038,4,0
610,-4.49,1,1204.651,4.888479,0.9417427,5,0
611,-4.54,1,1204.651,3.2551572,2.091377,5,0
612,-4.48,1,1190.624,2.9914782,5.480202,2,0
613,-4.31,1,1190.624,5.8512983,4.009437,4,0
614,-4.54,1,1190.624,4.8695188,3.6778312,5,0
615,-4.54,1,1204.651,5.2742968,1.0072519,1,0
616,-4.28,1,1204.651,2.0396926,1.3929145,5,0
617,-4.66,1,1148.543,2.2725828,4.894376,6,0
618,-4.59,1,1162.57,5.4642677,4.374822,4,0
619,-4.62,1,1148.543,2.4589553,5.305991,2,0
620,-4.52,1,1148.543,3.7566574,4.3104877,2,0
621,-4.48,1,1148.543,2.1592715,4.1834846,3,0
622,-4.64,1,1188.486,6.6417127,1.7916979,1,0
623,-4.47,1,1188.486,2.9250875,4.068486,2,0
624,-4.52,1,1188.486,4.0766125,0.8853341,5,0
625,-4.62,1,1188.486,2.62787,1.5087502,5,0
626,-4.49,1,1319.657,3.033643,0.40852174,5,0
627,-4.66,1,1549.022,2.233365,3.276919,3,0
628,-4.57,1,1511.96,2.0548632,2.6021633,5,0
629,-4.6,1,1348.74,2.2367902,3.7639253,3,0
630,-4.74,1,1334.713,3.048252,0.8558863,3,0
631,-4.37,1,1293.704,2.8008926,0.0067362217,5,0
632,-4.15,1,1166.517,3.5514686,2.226931,5,0
633,-5.4,1,1550.953,4.398843,1.1172241,5,0
634,-5.52,1,1529.934,2.770133,0.7684238,5,0
635,-4.72,1,1529.934,2.8965979,0.99006313,5,0
636,-4.59,1,1283.624,3.6114519,4.5348268,2,0
637,-4.54,1,1198.518,5.460377,2.6853328,3,0
638,-4.92,1,1569.012,3.120747,0.23075747,5,0
639,-4.8,1,1481.89,3.5467598,1.5486354,5,0
640,-4.89,1,1356.719,4.703689,1.3708272,1,0
641,-4.52,1,1014.323,4.18432,1.6329545,5,0
642,-5.14,1,899.144,2.7938454,5.740172,2,0
643,-4.59,1,869.118,7.7156525,5.5159597,4,1
644,-4.6,1,911.199,6.6280265,2.234316,1,0
645,-4.82,1,899.144,3.859757,5.9484525,2,0
646,-4.55,1,941.225,4.388121,1.0138712,5,0
647,-4.89,1,1012.304,5.8917074,4.863265,2,-1
648,-4.49,1,1054.385,2.4845488,5.5850706,2,0
649,-4.64,1,1040.358,7.119246,2.1939702,1,0
650,-4.55,1,1026.331,3.2069397,3.5427938,2,0
651,-4.44,1,1068.412,2.6964123,4.8150234,2,0
652,-5.0,1,986.225,4.410295,5.5461345,2,-1
653,-4.77,1,1028.306,5.7706056,3.5519106,1,0
654,-4.36,1,1040.358,6.8293514,1.9188879,1,0
655,-4.48,1,982.278,7.2984204,3.6811128,7,-1
656,-4.48,1,982.278,5.7097116,1.841081,1,0
657,-4.54,1,1026.331,2.726929,4.9438605,2,0
658,-4.46,1,1012.304,5.8568377,1.4490125,1,0
659,-4.48,1,1012.304,5.816247,3.4780974,1,0
660,-4.82,1,1012.304,7.957636,5.2096143,6,1
661,-4.43,1,1040.358,8.172234,5.3275113,6,1
662,-4.46,1,998.277,7.1487346,3.847342,3,-1
663,-4.51,1,1040.358,4.776341,3.8996563,2,0
664,-4.54,1,1002.268,4.515096,6.2647386,6,0
665,-4.31,1,1002.268,3.3108296,5.885174,2,0
666,-4.51,1,1016.295,4.2557583,1.8473066,5,0
667,-4.6,1,1016.295,6.3130474,1.9288708,1,0
668,-4.47,1,1058.376,2.4010878,2.5368202,5,0
669,-4.54,1,1012.304,3.8520155,5.601335,2,0
670,-4.31,1,1054.385,9.379318,5.203889,6,1
671,-4.32,1,1070.387,7.698123,7.393315,4,1
672,-4.54,1,1012.304,4.14146,2.6608675,3,0
673,-4.8,1,998.277,8.258935,3.4581587,7,-1
674,-4.46,1,1032.294,5.7885065,3.1051188,3,0
675,-4.36,1,1032.294,4.186905,3.961163,3,0
676,-4.54,1,1018.267,5.790944,1.5962714,1,0
677,-4.92,1,954.224,5.112759,1.6721742,7,0
678,-4.57,1,982.278,4.0014377,1.0184374,5,0
679,-4.51,1,982.278,5.1711097,5.9569626,2,-1
680,-4.62,1,927.198,8.04271,5.33765,4,1
681,-4.68,1,927.198,2.5178525,5.4410243,2,0
682,-4.68,1,913.171,6.6626334,5.259942,4,1
683,-4.77,1,899.144,6.101956,5.0404735,2,1
684,-4.59,1,869.118,7.1901345,3.7475677,7,-1
685,-4.8,1,855.091,6.74785,5.6542068,4,1
686,-4.31,1,897.172,7.0611773,2.1211357,1,0
687,-4.35,1,939.253,8.138567,4.272918,1,1
688,-4.59,1,869.118,7.457072,5.379381,4,1
689,-4.7,1,885.117,7.036086,4.3519325,1,-1
690,-4.46,1,893.181,9.250784,3.8072555,7,1
691,-4.77,1,835.101,8.2835,3.6316142,7,-1
692,-4.8,1,821.074,4.5788956,2.3756604,7,0
693,-5.19,1,1293.704,3.143859,1.8995606,5,0
694,-5.33,1,1307.731,3.3098807,1.2764052,5,0
695,-4.43,1,1299.667,3.701441,5.2934184,2,0
696,-4.32,1,1313.694,3.5161755,2.192688,5,0
697,-4.59,1,1325.705,5.3736053,1.0922719,1,0
698,-4.59,1,1339.732,2.4568605,2.4873788,5,0
699,-4.8,1,1257.586,4.552721,2.2018595,1,0
700,-4.68,1,1271.613,5.3446245,2.1181562,3,0
701,-4.57,1,1251.623,2.67833,0.18976595,3,0
702,-4.52,1,1265.65,3.1613033,1.8842258,5,0
703,-4.66,1,897.172,3.169758,2.9056354,7,0
704,-4.74,1,855.091,6.3885374,5.50548,4,1
705,-4.51,1,897.172,2.8046517,5.7395616,2,0
706,-5.0,1,841.064,4.588603,2.295669,5,0
707,-4.82,1,827.037,5.9597564,1.4917027,1,0
708,-4.8,1,913.171,6.6805887,5.0771937,7,1
709,-4.92,1,841.064,6.506684,5.2186246,4,1
710,-4.77,1,841.064,6.547723,5.2575,4,1
711,-4.33,1,927.198,6.9499536,2.037104,1,0
712,-4.7,1,927.198,5.900038,1.4961748,1,0
713,-4.35,1,941.225,5.582669,3.1915987,3,0
714,-4.77,1,885.117,4.749954,2.332192,3,0
715,-4.89,1,871.09,3.8908403,6.0720005,6,0
716,-4.74,1,861.054,5.858358,1.7678773,1,0
717,-5.21,1,1273.585,2.8244386,5.162599,2,0
718,-5.0,1,1217.521,4.073559,5.22364,2,0
719,-4.49,1,1315.666,5.387966,1.091706,1,0
720,-4.44,1,1273.629,2.4717844,3.0788703,3,0
721,-4.52,1,1387.817,2.3186018,1.0988191,5,0
722,-4.48,1,1357.791,4.8212986,3.8040984,1,0
723,-4.62,1,1429.898,1.8981253,1.6725589,5,0
724,-4.57,1,1387.817,2.9868813,4.974216,2,0
725,-4.55,1,1401.844,3.2429008,4.890971,2,0
726,-5.04,1,1429.898,1.1232288,2.9813817,5,0
727,-4.89,1,1392.236,1.6399851,1.9302846,5,0
728,-5.6,1,1146.442,5.2367606,2.0809283,3,0
729,-5.3,1,1112.425,3.3674216,4.881472,2,0
730,-5.52,1,1130.399,3.9467843,2.0906997,5,0
731,-4.89,1,1158.453,3.4214978,4.9705095,2,0
732,-4.52,1,1200.534,3.5460553,2.5874004,5,0
733,-4.6,1,1200.534,4.188182,3.8410978,2,0
734,-4.28,1,1202.55,3.728497,2.272766,5,0
735,-4.48,1,1182.56,4.9833884,1.6287326,1,0
736,-4.33,1,1288.684,2.2136517,4.89871,2,0
737,-4.15,1,1238.668,2.1884012,2.5129964,5,0
738,-4.34,1,1272.685,1.8491355,1.4556609,5,0
739,-4.59,1,1228.588,4.9810476,4.8047857,2,0
740,-4.43,1,1274.657,3.1076787,5.2529235,2,0
741,-4.74,1,1306.665,4.8313065,4.169338,2,0
742,-4.41,1,1147.47,6.1230845,1.5971665,1,0
743,-4.59,1,1103.417,4.2303343,1.0268952,5,0
744,-4.43,1,1113.453,3.2903636,3.757802,2,0
745,-4.39,1,1145.498,1.8583571,4.786208,3,0
746,-4.54,1,1187.579,3.0052023,2.4026341,5,0
747,-5.0,1,1222.024,2.6308932,2.0293865,5,0
748,-4.51,1,1131.471,5.270251,4.3592577,4,0
749,-4.34,1,1137.434,4.4224296,1.6470597,7,0
750,-4.54,1,1020.283,3.1797504,5.186549,2,0
751,-5.23,1,944.185,4.16638,2.3452132,5,0
752,-4.54,1,986.266,4.018289,1.0666292,5,0
753,-4.31,1,1004.284,5.3724756,4.774186,4,0
754,-4.46,1,1028.347,2.2099206,4.313162,3,0
755,-4.25,1,1114.362,2.7415814,4.405352,2,0
756,-4.39,1,1074.419,5.091171,3.8299754,4,0
757,-4.48,1,1148.807,7.0028877,1.9672893,1,0
758,-4.28,1,1122.463,10.222244,6.622669,0,1
759,-5.43,1,845.052,7.2653065,3.7692003,7,-1
760,-4.72,1,915.187,6.4905825,5.6194677,4,1
761,-4.7,1,877.097,4.62627,2.430823,7,0
762,-4.59,1,901.16,3.7794874,6.0093417,2,0
763,-4.16,1,917.206,6.79238,7.2421875,4,1
764,-4.49,1,1062.792,2.9117668,0.31496838,5,0
765,-4.6,1,994.33,6.1743765,1.6059434,1,0
766,-4.22,1,1048.765,2.480991,3.219386,5,0
767,-4.54,1,980.303,7.6670094,4.0284915,6,1
768,-4.55,1,1147.898,2.4295993,5.475414,2,0
769,-4.54,1,1079.436,2.1339712,4.375814,3,0
770,-4.39,1,1250.557,3.4683216,4.268624,2,0
771,-4.57,1,1148.543,4.854119,1.5513097,1,0
772,-4.82,1,1277.539,2.6905684,4.699718,2,0
773,-5.48,1,1175.525,5.98671,2.2248948,1,0
774,-4.15,1,1249.912,4.7478957,4.3294263,2,0
775,-4.85,1,1360.028,3.8969362,3.0133872,5,0
776,-4.15,1,1200.361,2.8943446,1.0325723,5,0
777,-4.47,1,1214.388,4.8066506,3.9794946,5,0
778,-4.52,1,1077.464,2.437128,1.7369931,3,0
779,-4.24,1,1395.596,4.7733827,3.8569083,2,0
780,-4.38,1,1230.56,5.7901816,1.3668215,1,0
781,-4.49,1,1240.64,2.0740824,0.38188526,3,0
782,-4.6,1,1282.721,2.5738173,1.9084888,5,0
783,-5.7,1,965.248,4.3038974,2.4274387,5,0
784,-4.52,1,962.203,4.727418,2.1291754,7,0
785,-4.32,1,1127.48,1.6959447,0.9963719,3,0
786,-4.21,1,1169.561,0.9173496,3.833621,6,0
787,-4.43,1,1113.453,2.8350163,0.29992184,5,0
788,-4.51,1,984.294,2.842762,3.6320608,3,0
789,-4.54,1,1018.311,5.5830884,3.884243,4,0
790,-4.41,1,953.158,5.430976,6.1437745,2,-1
791,-4.52,1,867.143,3.3029156,5.929429,2,-1
792,-5.24,1,949.205,3.7732892,2.5263553,5,0
793,-4.38,1,1018.739,4.954764,2.9000916,1,0
794,-4.68,1,1180.422,5.7438054,3.6483576,1,0
795,-4.4,1,1255.654,0.65355885,3.0550175,5,0
796,-4.26,1,1255.654,0.74380314,3.1413352,5,0
797,-4.68,1,1271.697,1.3544662,4.384841,6,0
798,-4.92,1,1273.672,6.019182,1.3517113,1,0
799,-4.85,1,1273.672,0.9886839,3.455691,2,0
800,-5.1,1,1289.715,0.77989626,3.0848694,5,0
801,-4.74,1,1275.688,0.7156878,3.0410843,5,0
802,-4.24,1,1271.697,2.8115926,2.2832751,5,0
803,-4.27,1,1257.67,0.8770067,3.8813818,6,0
804,-4.62,1,1283.708,2.230131,1.8242993,5,0
805,-4.19,1,1261.661,4.8551855,4.388655,0,0
806,-4.7,1,1289.715,6.492812,1.9557478,1,0
807,-6.6,0,1295.678,1.8523722,1.5240148,5,0
808,-4.51,1,1261.661,0.85479033,3.3254905,0,0
809,-4.96,1,1075.45,0.6958494,2.8367238,0,0
810,-4.55,1,1225.628,1.4061066,2.549868,5,0
811,-5.47,1,1273.672,0.9949927,3.3488355,2,0
812,-5.48,1,1289.715,2.1380568,1.541521,5,0
813,-4.52,1,1263.633,2.3651373,2.5147276,5,0
814,-4.39,1,1275.688,1.0648825,3.341082,2,0
815,-5.37,1,1430.885,1.5701513,4.277436,2,0
816,-5.6,1,1430.885,1.0744151,3.0724518,5,0
817,-6.15,0,1446.928,2.4752212,2.3671288,5,0
818,-5.2,1,1432.901,6.30106,2.3841972,1,-1
819,-5.13,1,1372.805,5.769176,0.9334634,1,0
820,-5.37,1,1372.805,6.123446,1.1419954,1,0
821,-6.36,0,1388.848,1.792895,1.5824589,5,0
822,-5.43,1,1374.821,0.77190816,3.082363,5,0
823,-6.0,1,1416.902,0.63609284,2.973262,1,0
824,-5.43,1,1402.875,4.771574,3.4797378,1,0
825,-4.26,1,1358.778,4.9301944,4.233956,4,0
826,-5.54,1,1446.928,2.180459,1.3492974,5,0
827,-7.0,0,1460.955,1.7910044,2.746437,0,0
828,-4.46,1,1148.501,2.840923,2.4709115,5,0
829,-5.64,1,1372.805,2.0818632,2.3258646,0,0
830,-4.82,1,1360.794,1.4894911,2.3845541,5,0
831,-4.29,1,1280.664,0.8650235,3.8318899,6,0
832,-6.85,0,1402.875,0.80072075,3.129636,5,0
833,-6.62,0,1416.902,0.792137,3.2548995,5,0
834,-6.07,0,1269.684,1.514134,4.7002378,2,0
835,-5.08,1,1269.684,0.6725714,2.9918332,0,0
836,-5.92,1,1285.727,10.850298,6.6200376,0,1
837,-5.51,1,1271.7,1.399197,4.1156316,2,0
838,-7.0,0,1546.061,2.5384145,1.4270352,5,0
839,-6.82,0,1532.034,1.4654112,4.404045,2,0
840,-4.72,1,1459.927,1.56664,2.6422503,5,0
841,-4.26,1,1445.9,0.89811754,3.239126,5,0
842,-5.34,1,1443.884,4.8216333,4.107161,2,0
843,-4.64,1,1429.857,4.897688,4.544229,4,0
844,-4.46,1,1167.548,2.766431,5.531428,2,0
845,-4.47,1,1179.559,1.6645893,1.3729148,5,0
846,-5.17,1,1459.927,4.7306447,4.2226024,0,0
847,-5.74,1,1457.911,0.85527456,2.976143,5,0
848,-4.85,1,1471.938,4.812414,4.13798,2,0
849,-6.7,0,1483.949,4.85591,4.2567744,0,0
850,-4.52,1,1429.857,1.5117016,4.451753,3,0
851,-4.66,1,1445.9,1.4250442,2.4730978,5,0
852,-5.41,1,1514.963,2.0810127,1.0857973,5,0
853,-6.09,0,1372.805,1.8604906,1.4307276,5,0
854,-5.44,1,1514.963,1.4687889,1.9594575,5,0
855,-6.82,0,1372.805,1.0735927,3.4052129,2,0
856,-5.54,1,1531.006,1.0860691,3.7562325,3,0
857,-6.49,0,1388.848,2.046246,4.154031,2,0
858,-5.28,1,1516.979,1.8203273,3.650669,2,0
859,-6.34,0,1374.821,6.7494287,2.2827902,1,0
860,-5.26,1,1557.044,1.360844,2.6426759,5,0
861,-4.89,1,1543.017,2.6645646,4.7663603,2,0
862,-5.62,1,1372.805,2.0761948,1.6792169,5,0
863,-6.82,0,1486.909,2.2491353,2.1528149,5,0
864,-5.42,1,1583.082,0.99016494,3.5344813,2,0
865,-5.89,1,1528.99,1.7482313,1.8854411,5,0
866,-4.64,1,1344.751,1.721482,1.2565556,5,0
867,-6.03,0,1557.044,1.5367916,2.0575497,5,0
868,-6.47,0,1500.936,1.9228675,2.321651,5,0
869,-5.11,1,1207.573,4.961643,3.952835,4,0
870,-6.22,0,1271.616,6.059492,1.1491078,1,0
871,-6.19,0,1449.892,2.0294428,2.3555565,5,0
872,-4.68,1,1237.603,2.7053137,1.6566163,5,0
873,-5.8,1,1506.004,1.1837873,3.2946525,2,0
874,-4.92,1,1336.736,1.218764,3.8922763,2,0
875,-6.8,0,1514.963,2.018631,4.989157,2,0
876,-7.0,0,1483.39,1.9159213,2.2642949,5,0
877,-5.89,1,1461.299,2.0325294,5.0520263,2,0
878,-7.0,0,1482.962,1.8857584,1.5318996,5,0
879,-7.0,0,1545.461,2.7674024,2.004989,5,0
880,-7.0,0,1569.398,2.1478007,2.1168866,5,0
881,-7.0,0,1446.328,0.6546077,3.2066271,6,0
882,-7.0,0,1369.802,5.1297016,0.900428,1,0
883,-5.28,1,1361.738,5.496381,4.01983,4,0
884,-4.57,1,1259.687,3.2246923,1.2849942,5,0
885,-6.66,0,1418.274,4.5720863,4.153697,2,0
886,-6.47,0,1403.819,0.8902387,3.8481605,6,0
887,-6.92,0,1572.015,3.4802265,4.403411,2,0
888,-7.0,0,1745.057,1.2401874,3.6455932,0,0
889,-7.0,0,1622.503,7.120034,2.2009587,1,0
890,-7.0,0,1642.578,1.2689552,3.8015735,0,0
891,-7.0,0,1662.568,1.3117812,4.0206137,3,0
892,-7.0,0,1563.435,1.4100744,3.9636598,2,0
893,-7.0,0,1523.37,1.5485439,2.0457745,5,0
894,-4.92,1,1472.882,1.8671893,0.32679293,3,0
895,-6.34,0,1502.952,5.6835785,0.9281594,1,0
896,-7.0,0,1579.478,1.2630097,2.9069889,5,0
897,-7.0,0,1701.218,2.0149167,1.8495175,5,0
898,-6.96,0,1699.63,3.0070164,1.103471,5,0
899,-6.33,0,1625.205,5.2298183,3.9457912,4,0
900,-7.0,0,1723.309,1.8454756,4.817956,2,0
901,-5.44,1,1511.96,4.0256453,1.2514589,5,0
902,-6.85,0,1534.051,1.9068092,1.2718735,5,0
903,-7.0,0,1672.648,2.3191419,1.3076894,5,0
904,-7.0,0,1648.541,1.3413981,4.3567963,2,0
905,-7.0,0,1586.042,2.4040396,0.111665726,5,0
906,-7.0,0,1695.255,4.806895,3.9195862,5,0
907,-7.0,0,1667.201,1.8310304,1.7151698,5,0
908,-7.0,0,1777.744,1.4394699,3.914173,2,0
909,-7.0,0,1681.228,2.2478645,1.7305709,5,0
910,-6.11,0,1665.185,2.5977192,2.8030374,5,0
911,-6.96,0,1707.609,2.8839524,2.0912397,5,0
912,-7.0,0,1701.646,1.8418562,1.4881731,5,0
913,-7.0,0,1695.255,1.7540928,2.4268901,5,0
914,-5.36,1,1657.121,2.045855,0.53302443,3,0
915,-7.0,0,1773.325,1.6989151,2.4502513,5,0
916,-7.0,0,1725.281,5.8706675,0.935331,1,0
917,-5.2,1,1595.05,2.0055525,0.60521066,3,0
918,-6.24,0,1669.173,2.7620866,3.813615,2,0
919,-5.4,1,1554.041,3.5411525,4.7821646,2,0
920,-6.27,0,1596.122,1.7254575,2.5660217,5,0
921,-5.54,1,1669.173,2.5396452,1.1496683,5,0
922,-6.24,0,1630.139,1.6126739,4.2708845,2,0
923,-7.0,0,1725.281,1.5430552,2.5258026,5,0
924,-5.05,1,1481.374,2.2337172,1.9593743,5,0
925,-4.8,1,1238.627,2.0338314,0.25581095,5,0
1134,-7.13,0,608.781,6.951576,5.465536,7,1
1135,-5.32,1,620.836,8.799651,4.5618396,7,1
1136,-5.45,1,640.826,7.4886093,5.6402717,4,1
1137,-5.04,1,646.874,10.134823,3.9894373,7,1
1138,-7.27,0,648.846,7.297626,5.454155,4,1
1139,-5.55,1,650.862,7.1906223,2.2281168,1,0
1140,-7.4,0,655.841,8.957242,3.9209595,7,1
1141,-4.94,1,662.917,7.9347587,6.8275723,4,1
1142,-5.16,1,668.88,7.110455,6.6289687,4,1
1143,-5.46,1,670.852,4.90383,6.237477,2,0
1144,-7.33,0,672.872,6.663152,5.977591,4,1
1145,-8.28,0,675.872,3.503367,6.0306387,2,-1
1146,-4.99,1,682.907,9.56618,4.732175,7,1
1147,-5.4,1,684.879,6.944149,5.041689,4,1
1148,-5.17,1,688.955,10.292746,4.5497985,7,1
1149,-5.75,1,690.927,8.711516,4.1330776,7,1
1150,-5.1,1,696.934,9.642986,5.159597,7,1
1151,-6.14,0,697.922,10.403976,4.017591,7,1
1152,-5.11,1,710.961,10.665076,4.137662,7,1
1153,-5.19,1,712.933,10.1865835,4.2887497,7,1
1154,-6.0,1,714.953,8.967427,4.5718474,7,1
1155,-5.16,1,716.924,7.3813763,2.3642786,1,0
1156,-7.02,0,717.953,8.089875,4.057079,7,1
1157,-5.54,1,722.972,7.2089725,7.0578356,4,1
1158,-5.5,1,724.944,6.9390917,5.8844395,7,1
1159,-5.87,1,731.939,9.884837,4.285669,7,1
1160,-5.17,1,734.939,7.0833716,6.8530416,4,1
1161,-5.38,1,744.978,9.367156,6.085304,4,1
1162,-5.47,1,746.95,9.804804,4.617371,7,1
1163,-6.49,0,746.994,9.298732,7.058949,4,1
1164,-5.7,1,748.97,8.13476,5.873223,4,1
1165,-6.6,0,751.97,8.036368,5.5721097,4,1
1166,-6.08,0,766.984,8.352645,7.552964,4,1
1167,-6.58,0,773.032,10.285467,6.11442,0,1
1168,-5.23,1,775.004,9.245724,5.9641333,6,1
1169,-5.51,1,781.999,8.645308,6.902973,4,1
1170,-7.08,0,795.038,10.199627,6.5157704,0,1
1171,-6.32,0,797.01,10.903139,4.801182,7,1
1172,-5.47,1,799.03,9.658778,4.7316265,7,1
1173,-5.85,1,802.03,8.875718,5.8738985,6,1
1174,-6.56,0,622.808,7.1236863,5.5445924,4,1
1175,-5.05,1,634.863,7.87309,5.94179,4,1
1176,-5.12,1,654.853,7.5580993,6.0391617,4,1
1177,-4.93,1,660.901,7.8576727,5.938509,4,1
1178,-6.69,0,662.873,8.934137,4.6147447,7,1
1179,-5.16,1,664.889,9.68025,3.9224782,7,1
1180,-6.94,0,669.868,6.7657766,5.499706,4,1
1181,-5.23,1,676.944,9.767887,5.131452,7,1
1182,-4.96,1,682.907,7.7704086,6.5817003,4,1
1183,-5.22,1,684.879,8.311018,4.0082126,7,1
1184,-6.86,0,686.899,7.9775186,4.6039696,7,1
1185,-7.96,0,689.899,6.675607,5.7401357,4,1
1186,-5.2,1,696.934,8.741376,6.5301523,4,1
1187,-5.12,1,698.906,6.9144745,6.0059,7,1
1188,-5.7,1,702.982,7.548368,2.5415723,4,0
1189,-5.34,1,704.954,9.463397,4.9803796,7,1
1190,-5.56,1,710.961,9.470353,5.3461533,6,1
1191,-5.62,1,711.949,9.3211565,4.9237394,7,1
1192,-5.57,1,724.988,10.715047,4.7394238,7,1
1193,-5.59,1,726.96,10.677577,4.102369,7,1
1194,-5.59,1,728.98,10.224434,3.8264813,7,1
1195,-5.63,1,730.951,8.14357,6.855041,4,1
1196,-6.54,0,731.98,8.317229,4.748929,7,1
1197,-6.23,0,736.999,8.572142,7.1357555,4,1
1198,-5.19,1,738.971,9.684037,4.9548345,7,1
1199,-5.58,1,745.966,4.98472,6.468249,4,0
1200,-5.34,1,748.966,8.016605,6.8932724,4,1
1201,-6.04,0,759.005,10.272875,5.511613,0,1
1202,-6.05,0,760.977,10.60705,4.441584,7,1
1203,-7.2,0,761.021,9.710834,6.9422226,0,1
1204,-5.43,1,762.997,7.8262,6.70275,4,1
1205,-6.24,0,765.997,10.03247,4.284193,7,1
1206,-6.74,0,781.011,10.20127,7.2508793,0,1
1207,-7.24,0,787.059,10.281908,7.1988196,0,1
1208,-5.37,1,789.031,8.738765,7.277591,4,1
1209,-5.43,1,796.026,9.702301,6.3292565,4,1
1210,-7.44,0,809.065,10.477791,6.0489607,0,1
1211,-7.29,0,811.037,10.325683,6.204385,0,1
1212,-5.53,1,813.057,10.32424,5.459952,6,1
1213,-5.76,1,816.057,10.28333,6.7119756,0,1
1214,-6.08,0,636.835,7.859325,5.20562,4,1
1215,-4.9,1,648.89,8.960116,4.684975,7,1
1216,-4.98,1,668.88,7.642497,6.523586,4,1
1217,-4.96,1,674.928,9.793034,4.7231784,7,1
1218,-6.26,0,676.9,9.291349,3.9961689,7,1
1219,-5.01,1,678.916,7.466232,6.193449,4,1
1220,-6.54,0,683.895,7.9665365,5.657049,4,1
1221,-5.54,1,690.971,9.720313,5.4920344,0,1
1222,-4.96,1,696.934,8.107981,6.9933376,4,1
1223,-5.05,1,698.906,7.365753,5.1815376,7,1
1224,-6.43,0,700.926,5.8294616,6.2350802,7,-1
1225,-7.62,0,703.926,6.6452646,6.051857,4,1
1226,-5.44,1,710.961,9.579685,5.4227247,6,1
1227,-5.06,1,712.933,6.918195,5.553489,4,1
1228,-6.2,0,717.009,8.737624,6.9092035,4,1
1229,-5.07,1,718.981,9.86488,4.465456,7,1
1230,-5.97,1,724.988,9.905256,5.2993474,0,1
1231,-5.29,1,725.976,9.760718,4.814409,7,1
1232,-6.02,0,739.015,7.0858545,7.3929257,4,1
1233,-5.89,1,740.987,8.976485,5.495069,4,1
1234,-5.3,1,743.007,9.833128,5.0166306,7,1
1235,-6.06,0,744.978,9.073462,7.1097,4,1
1236,-6.27,0,746.007,8.112631,4.2408066,7,1
1237,-6.82,0,751.026,9.203376,7.1529093,4,1
1238,-5.07,1,752.998,9.610631,5.2063007,7,1
1239,-5.35,1,759.993,10.389449,4.3108077,7,1
1240,-5.65,1,762.993,10.349642,4.64247,7,1
1241,-6.57,0,773.032,10.243397,5.239285,0,1
1242,-6.33,0,775.004,8.574833,7.1776543,4,1
1243,-8.59,0,775.048,10.890669,4.6737003,0,1
1244,-5.22,1,777.024,7.594778,6.799237,4,1
1245,-6.03,0,780.024,8.228453,5.934618,4,1
1246,-7.78,0,795.038,8.328758,7.6929927,4,1
1247,-8.71,0,801.086,10.595005,5.534894,6,1
1248,-5.53,1,803.058,10.946335,4.6503444,7,1
1249,-5.53,1,810.053,8.734237,7.496657,4,1
1250,-8.95,0,823.092,10.097479,6.2268887,0,1
1251,-7.97,0,825.064,10.800928,5.3482714,6,1
1252,-5.65,1,827.084,10.781181,5.5297327,0,1
1253,-5.69,1,830.084,8.63055,7.452621,4,1
1254,-6.32,0,680.888,7.296216,2.6147678,1,0
1255,-4.88,1,692.943,8.807434,5.0793695,7,1
1256,-4.97,1,712.933,7.251537,6.996931,4,1
1257,-4.81,1,718.981,7.1017227,7.2069955,4,1
1258,-6.47,0,720.953,6.102453,6.4807796,4,-1
1259,-5.05,1,722.969,7.460468,6.184747,4,1
1260,-6.74,0,727.948,7.1878214,6.0333505,7,1
1261,-5.24,1,735.024,10.858327,4.7285476,7,1
1262,-4.88,1,740.987,7.0026264,7.215327,4,1
1263,-5.06,1,742.959,9.168951,4.6670322,7,1
1264,-6.67,0,744.979,6.759895,6.12899,4,1
1265,-7.72,0,747.979,8.515435,3.7757156,7,1
1266,-5.17,1,755.014,7.5629196,7.305728,4,1
1267,-5.08,1,756.986,7.3989525,6.4044914,4,1
1268,-5.76,1,761.062,9.383791,6.967914,4,1
1269,-5.14,1,763.034,8.601769,6.437731,4,1
1270,-5.47,1,769.041,8.844295,7.098402,6,1
1271,-5.48,1,770.029,10.885574,4.363444,7,1
1272,-5.6,1,783.068,7.1343336,7.3658786,4,1
1273,-5.5,1,785.04,10.10771,5.0258904,6,1
1274,-5.43,1,787.06,8.468907,4.672391,4,1
1275,-5.52,1,789.031,10.771523,4.6499205,7,1
1276,-6.47,0,790.06,9.888488,3.9654565,7,1
1277,-6.11,0,795.079,9.98882,7.2893887,0,1
1278,-5.11,1,797.051,5.286811,6.4901705,2,0
1279,-5.51,1,804.046,8.137869,6.8045316,4,1
1280,-5.26,1,807.046,9.840732,5.448075,0,1
1281,-5.86,1,817.085,8.628942,7.6512947,0,1
1282,-5.75,1,819.057,10.692791,5.029788,6,1
1283,-7.19,0,819.101,9.951757,7.029508,0,1
1284,-5.33,1,821.077,9.107937,5.1318226,7,1
1285,-6.23,0,824.077,10.080662,4.3856297,7,1
1286,-6.55,0,839.091,9.421717,7.328141,0,1
1287,-6.98,0,845.139,10.527098,6.3381977,0,1
1288,-5.28,1,847.111,10.234967,7.265765,0,1
1289,-5.32,1,854.106,8.745539,7.4432554,4,1
1290,-7.0,0,867.145,10.618125,6.199385,0,1
1291,-6.8,0,869.117,10.865266,6.706281,0,1
1292,-5.44,1,871.137,9.824323,6.7918243,0,1
1293,-5.82,1,874.137,10.826403,4.3274546,6,1
1294,-8.12,0,693.887,7.824899,4.5630226,7,1
1295,-6.42,0,705.942,6.907886,5.933096,4,1
1296,-6.49,0,725.932,7.101628,5.6908135,4,1
1297,-5.92,1,731.98,7.234876,5.7714896,4,1
1298,-8.28,0,733.952,7.646671,5.0589004,7,1
1299,-6.64,0,735.968,6.984148,5.4161444,7,1
1300,-7.48,0,740.947,7.163443,5.4362817,4,1
1301,-5.27,1,748.023,7.3615828,5.0351543,4,1
1302,-5.86,1,753.986,6.9520655,5.8484216,7,1
1303,-6.21,0,755.958,7.13155,5.7386293,4,1
1304,-8.2,0,757.978,6.7865033,5.22521,4,1
1305,-9.0,0,760.978,8.2667885,3.6192043,7,-1
1306,-5.4,1,768.013,6.730613,6.2440877,4,1
1307,-6.38,0,769.985,8.155462,4.5335655,7,1
1308,-5.18,1,774.061,9.412489,5.6436,6,1
1309,-6.87,0,776.033,7.21928,4.52743,1,1
1310,-5.28,1,782.04,6.7923393,6.7671657,4,1
1311,-6.58,0,783.028,9.127088,3.857001,7,1
1312,-5.31,1,796.067,7.681003,6.132105,4,1
1313,-5.6,1,798.039,7.5963655,5.490292,4,1
1314,-7.04,0,800.059,7.968866,4.396486,7,1
1315,-5.42,1,802.03,9.483334,4.9357476,7,1
1316,-7.77,0,803.059,4.8231754,2.4590101,7,0
1317,-5.32,1,808.078,9.346735,5.064553,6,1
1318,-6.45,0,810.05,7.1383033,4.9905505,4,1
1319,-6.65,0,817.045,6.641415,6.401551,4,1
1320,-5.73,1,820.045,6.1892357,6.4866667,4,1
1321,-5.49,1,830.084,8.037463,6.578104,4,1
1322,-5.76,1,832.056,8.317751,5.5468426,7,1
1323,-5.79,1,832.1,9.348779,6.717675,4,1
1324,-6.63,0,834.076,7.5297556,6.085687,4,1
1325,-7.35,0,837.076,7.7942004,4.7599397,7,1
1326,-5.92,1,852.09,8.02888,7.4292045,4,1
1327,-6.42,0,858.138,9.017715,7.1968446,4,1
1328,-5.84,1,860.11,7.5551524,6.897363,4,1
1329,-6.02,0,867.105,10.032412,4.7927165,6,1
1330,-6.37,0,880.144,9.904343,7.2367105,4,1
1331,-6.5,0,882.116,10.0394745,5.1289115,7,1
1332,-6.05,0,884.136,10.039381,4.519724,6,1
1333,-6.47,0,887.136,2.6347826,5.665535,2,0
1334,-5.25,1,705.297,8.240696,5.875417,4,1
1335,-5.27,1,717.352,10.433805,4.9966745,6,1
1336,-5.48,1,737.342,9.755865,6.581359,0,1
1337,-6.01,0,743.39,9.21017,6.043921,4,1
1338,-5.39,1,745.362,7.729411,6.6900735,4,1
1339,-5.34,1,747.378,7.0161824,7.2798176,4,1
1340,-5.65,1,752.357,9.868717,5.098013,7,1
1341,-7.39,0,759.433,7.406621,2.1952233,1,0
1342,-6.0,1,765.396,7.2384534,2.1868074,1,0
1343,-6.3,0,767.368,10.234166,5.160214,7,1
1344,-5.56,1,769.388,10.287549,4.3132334,7,1
1345,-6.44,0,772.388,5.459392,6.475348,7,-1
1346,-6.63,0,779.423,8.5552635,7.414239,4,1
1347,-5.94,1,781.395,9.921486,7.259797,4,1
1348,-7.1,0,785.471,10.275959,7.2929473,0,1
1349,-5.22,1,787.443,8.224146,7.387834,4,1
1350,-8.04,0,793.45,10.177392,7.153795,0,1
1351,-5.36,1,794.438,10.012307,7.3913927,4,1
1352,-7.97,0,807.477,7.2661943,2.095787,1,0
1353,-7.56,0,809.449,9.9652605,6.9125323,0,1
1354,-5.52,1,811.469,10.117277,6.3020773,0,1
1355,-8.11,0,813.44,9.650676,7.097045,4,1
1356,-5.68,1,814.469,10.547226,4.8455024,7,1
1357,-8.61,0,819.488,9.308376,7.1334906,4,1
1358,-6.0,1,821.46,9.360033,7.1446815,4,1
1359,-6.12,0,828.455,8.385905,7.5139103,4,1
1360,-7.82,0,831.455,11.036992,6.1137404,0,1
1361,-8.47,0,841.494,10.289947,6.9794536,0,1
1362,-8.36,0,843.466,10.921674,6.0905967,0,1
1363,-10.0,0,843.51,10.253828,7.2624154,0,1
1364,-6.11,0,845.486,10.779728,4.917603,6,1
1365,-5.78,1,848.486,10.94937,5.178282,7,1
1366,-9.46,0,863.5,9.487093,7.4829664,4,1
1367,-10.0,0,869.548,11.069216,5.9980545,0,1
1368,-7.82,0,871.52,10.52208,6.4950438,0,1
1369,-8.45,0,878.515,10.133015,7.172524,0,1
1370,-10.0,0,891.554,10.080876,6.0547953,0,1
1371,-9.41,0,893.526,10.626924,6.3353653,0,1
1372,-7.99,0,895.546,11.038705,6.288865,0,1
1373,-7.11,0,898.546,10.905873,4.915013,0,1
1374,-5.19,1,712.933,8.430988,4.758234,7,1
1375,-5.6,1,724.988,10.306691,4.9622493,7,1
1376,-5.77,1,744.978,8.594893,7.344132,4,1
1377,-6.24,0,751.026,7.3640413,7.410326,4,1
1378,-5.3,1,752.998,7.47187,6.937668,4,1
1379,-5.75,1,755.014,7.7563696,7.195515,4,1
1380,-5.57,1,759.993,10.398428,4.616409,7,1
1381,-6.71,0,767.069,10.936803,4.570061,7,1
1382,-6.12,0,773.032,10.710834,5.970568,0,1
1383,-6.26,0,775.004,7.7917905,7.4891844,4,1
1384,-5.62,1,777.024,9.931467,5.1394777,7,1
1385,-6.22,0,780.024,8.342031,4.449391,7,1
1386,-7.53,0,787.059,10.664846,5.7388716,0,1
1387,-6.3,0,789.031,8.723912,6.248172,4,1
1388,-8.15,0,793.107,10.3484,6.602042,0,1
1389,-5.36,1,795.079,2.4429357,5.5671825,6,0
1390,-8.51,0,801.086,10.107028,7.413452,0,1
1391,-5.68,1,802.074,10.423309,5.3634686,0,1
1392,-10.0,0,815.113,9.537095,6.7683473,4,1
1393,-7.39,0,817.085,10.818986,6.6754613,0,1
1394,-5.83,1,819.105,10.778378,5.527357,0,1
1395,-8.45,0,821.076,8.461199,7.5822453,4,1
1396,-5.9,1,822.105,8.828749,4.551648,1,1
1397,-8.53,0,827.124,9.789395,7.5085716,0,1
1398,-5.83,1,829.096,11.001481,5.0295014,7,1
1399,-6.4,0,836.091,11.00352,6.4707828,0,1
1400,-7.74,0,839.091,9.636052,7.2869115,4,1
1401,-8.51,0,849.13,10.19024,7.4421997,0,1
1402,-8.56,0,851.102,10.774731,6.785977,0,1
1403,-8.11,0,851.146,11.070658,6.6198325,0,1
1404,-6.32,0,853.122,10.339248,5.4482427,0,1
1405,-6.12,0,856.122,8.362672,7.5918636,4,1
1406,-8.95,0,871.136,9.742875,7.2994823,0,1
1407,-8.84,0,877.184,10.41526,6.418901,0,1
1408,-7.61,0,879.156,10.079159,7.4743543,0,1
1409,-7.62,0,886.151,10.931591,6.599813,0,1
1410,-9.27,0,899.19,10.147659,6.7572856,0,1
1411,-7.95,0,901.162,9.947353,7.3660545,0,1
1412,-8.0,0,903.182,9.024043,7.6202593,4,1
1413,-7.28,0,906.182,9.859157,7.1221833,0,1
1414,-5.93,1,714.861,7.125688,5.5352297,4,1
1415,-4.86,1,726.916,7.088348,7.117036,4,1
1416,-5.11,1,746.906,10.54959,3.963734,7,1
1417,-5.25,1,752.954,6.985545,7.2180266,4,1
1418,-6.1,0,754.926,7.012249,2.1261177,1,0
1419,-5.04,1,756.942,7.215401,4.6785994,7,1
1420,-6.27,0,761.921,8.744926,4.375396,7,1
1421,-6.56,0,768.997,9.333816,6.1419897,4,1
1422,-5.27,1,774.96,10.834831,4.110088,7,1
1423,-5.56,1,776.932,8.363562,5.449126,4,1
1424,-6.23,0,778.952,6.5540867,6.528145,4,1
1425,-7.04,0,781.952,4.4873033,6.2838073,2,0
1426,-6.67,0,788.987,10.689753,4.508506,7,1
1427,-5.36,1,790.959,9.150777,4.793902,6,1
1428,-7.5,0,795.035,10.648977,6.20464,6,1
1429,-5.02,1,797.007,7.1427646,6.946361,4,1
1430,-7.41,0,803.014,9.357553,5.8618674,6,1
1431,-5.3,1,804.002,9.932159,4.8875165,7,1
1432,-7.44,0,817.041,9.954932,6.2316413,0,1
1433,-7.06,0,819.013,7.177408,7.4502187,4,1
1434,-5.44,1,821.033,9.636406,5.103389,7,1
1435,-7.51,0,823.004,8.939074,7.6293406,0,1
1436,-5.99,1,824.033,6.950745,6.91961,4,1
1437,-7.54,0,829.052,9.251604,7.239223,4,1
1438,-5.46,1,831.024,8.807573,6.0174627,4,1
1439,-5.8,1,838.019,9.707239,5.53363,0,1
1440,-7.13,0,841.019,10.828235,5.153491,7,1
1441,-8.01,0,851.058,9.536314,6.419729,4,1
1442,-7.76,0,853.03,10.944708,5.5289927,0,1
1443,-8.89,0,853.074,10.414549,6.0986786,0,1
1444,-5.73,1,855.05,10.442427,5.1563435,6,1
1445,-5.86,1,858.05,10.378435,4.3850274,6,1
1446,-8.53,0,873.064,10.761758,5.0682535,6,1
1447,-9.12,0,879.112,10.397435,6.403178,0,1
1448,-7.16,0,881.084,10.249515,6.377086,0,1
1449,-7.42,0,888.079,8.121787,7.5680585,4,1
1450,-9.29,0,901.118,10.75483,5.847269,0,1
1451,-8.88,0,903.09,11.148623,6.4049163,0,1
1452,-7.6,0,905.11,10.739748,6.9266667,0,1
1453,-6.5,0,908.11,7.05793,2.0432684,1,0
1454,-5.52,1,717.909,6.6411963,5.8898983,4,1
1455,-5.0,1,729.964,9.494569,5.7094154,0,1
1456,-5.1,1,749.954,7.220329,7.334798,4,1
1457,-5.39,1,756.002,10.934091,4.434799,7,1
1458,-5.66,1,757.974,8.398083,5.704592,4,1
1459,-5.11,1,759.99,8.193274,6.0701675,4,1
1460,-5.84,1,764.969,8.4522085,4.8708296,4,1
1461,-6.58,0,772.045,7.2891016,7.43044,4,1
1462,-5.32,1,778.008,10.666183,4.3732915,7,1
1463,-5.58,1,779.98,10.112655,5.0151043,7,1
1464,-5.79,1,782.0,7.295058,4.519311,7,1
1465,-6.59,0,785.0,6.870224,6.1310935,4,1
1466,-6.49,0,792.035,11.007588,4.7560663,7,1
1467,-5.38,1,794.007,4.330906,6.3898253,6,0
1468,-6.93,0,798.083,10.02814,6.014839,0,1
1469,-5.05,1,800.055,10.404395,5.16548,6,1
1470,-6.99,0,806.062,10.141905,7.4598875,0,1
1471,-5.16,1,807.05,9.470934,6.46873,6,1
1472,-6.97,0,820.089,10.519149,5.4474964,6,1
1473,-6.64,0,822.061,9.668308,6.6961474,0,1
1474,-5.33,1,824.081,9.73076,6.083798,0,1
1475,-6.97,0,826.052,10.958368,6.4325356,6,1
1476,-5.71,1,827.081,8.054649,7.162549,4,1
1477,-7.35,0,832.1,8.883524,7.6825123,0,1
1478,-5.45,1,834.072,10.713404,6.0449777,6,1
1479,-5.57,1,841.067,8.293993,7.429316,4,1
1480,-6.9,0,844.067,10.363107,5.860269,6,1
1481,-7.34,0,854.106,11.001581,6.0888753,0,1
1482,-7.14,0,856.078,10.427043,6.4183297,0,1
1483,-7.96,0,856.122,9.82346,7.331047,0,1
1484,-5.64,1,858.098,7.4155273,2.139014,1,0
1485,-5.71,1,861.098,8.396839,6.561888,4,1
1486,-7.88,0,876.112,10.537206,6.289424,0,1
1487,-10.0,0,882.16,9.15113,7.5782576,0,1
1488,-6.64,0,884.132,10.6573925,5.581545,6,1
1489,-6.93,0,891.127,10.625675,6.8192015,0,1
1490,-10.0,0,904.166,10.429204,6.720753,0,1
1491,-8.27,0,906.138,9.873001,6.0629725,1,1
1492,-6.85,0,908.158,10.761281,6.7102265,0,1
1493,-6.36,0,911.158,10.662134,5.4854026,6,1
1494,-6.51,0,750.942,9.704167,4.1416407,7,1
1495,-5.08,1,762.997,6.9950485,7.2768598,4,1
1496,-5.26,1,782.987,7.1288548,7.1875935,4,1
1497,-4.98,1,789.035,9.033822,6.135109,4,1
1498,-6.67,0,791.007,7.0456,6.3420177,4,1
1499,-5.23,1,793.023,10.764703,4.056857,7,1
1500,-6.77,0,798.002,9.607842,4.6040072,7,1
1501,-5.59,1,805.078,10.283999,6.795917,0,1
1502,-5.08,1,811.041,4.523562,6.3889303,2,0
1503,-5.38,1,813.013,4.6425147,6.397323,2,0
1504,-6.66,0,815.033,8.68002,4.3202534,1,1
1505,-7.45,0,818.033,4.4003634,6.3495064,2,0
1506,-5.66,1,825.068,8.976957,6.851159,4,1
1507,-5.26,1,827.04,7.9444795,6.889125,4,1
1508,-6.31,0,831.116,10.806243,6.831152,0,1
1509,-5.38,1,833.088,9.3385935,5.8546014,6,1
1510,-6.9,0,839.095,8.79088,7.679135,4,1
1511,-5.59,1,840.083,10.15646,5.549348,6,1
1512,-6.24,0,853.122,10.86746,6.655949,0,1
1513,-6.23,0,855.094,10.729595,4.7094326,6,1
1514,-5.74,1,857.114,7.4172764,2.4172287,1,0
1515,-6.46,0,859.085,9.225684,6.776075,4,1
1516,-6.3,0,860.114,8.4366455,7.237389,4,1
1517,-6.95,0,865.133,8.901182,7.650116,0,1
1518,-5.4,1,867.105,7.9501762,7.405686,4,1
1519,-5.69,1,874.1,7.4982877,7.4966936,4,1
1520,-6.17,0,877.1,10.032244,7.2447643,0,1
1521,-10.0,0,887.139,10.27569,7.2817616,0,1
1522,-6.79,0,889.111,9.692943,7.21117,0,1
1523,-7.8,0,889.155,10.233775,6.1315975,0,1
1524,-5.68,1,891.131,10.656652,4.522076,7,1
1525,-6.01,0,894.131,8.719419,4.4996467,1,1
1526,-7.34,0,909.145,10.816333,6.623343,0,1
1527,-7.83,0,915.193,11.024227,6.4136844,0,1
1528,-6.29,0,917.165,10.725724,6.526315,0,1
1529,-6.41,0,924.16,10.908876,5.430708,0,1
1530,-7.8,0,937.199,9.698043,7.195679,0,1
1531,-7.68,0,939.171,10.897607,6.6328645,0,1
1532,-6.58,0,941.191,11.114522,6.272614,0,1
1533,-6.06,0,944.191,8.80965,7.701757,4,1
1534,-5.54,1,620.836,7.097473,6.113209,4,1
1535,-5.15,1,646.874,7.446825,6.461152,4,1
1536,-7.17,0,648.846,6.8987975,5.19794,4,1
1537,-4.99,1,692.943,7.1669574,2.088049,1,0
1538,-4.89,1,696.934,10.428086,4.318322,7,1
1539,-4.83,1,718.981,8.615136,5.4161763,4,1
1540,-6.61,0,720.953,9.877264,3.9372153,7,1
1541,-5.07,1,722.972,8.660303,6.7861624,4,1
1542,-5.47,1,724.944,9.7316475,4.113361,7,1
1543,-4.89,1,726.916,10.02102,4.5077977,6,1
1544,-4.93,1,752.954,8.630182,4.6161838,7,1
1545,-5.93,1,754.926,7.679235,6.2804503,4,1
1546,-5.08,1,769.041,8.23501,7.406212,4,1
1547,-5.39,1,795.079,9.28331,6.3152676,4,1
1548,-5.07,1,797.051,9.994443,5.09421,6,1
1549,-6.06,0,803.014,9.970853,5.6162925,6,1
1550,-6.65,0,829.052,10.661474,5.181394,6,1
1551,-5.03,1,831.024,8.388417,6.90761,4,1
1552,-6.76,0,606.809,7.4945893,6.040719,4,1
1553,-6.39,0,632.847,7.337817,2.4078703,1,0
1554,-8.0,0,634.819,7.128382,5.5746856,4,1
1555,-6.11,0,678.916,8.643921,5.2594094,4,1
1556,-5.23,1,682.907,9.400947,4.5228815,7,1
1557,-5.7,1,704.954,8.549984,5.9671955,4,1
1558,-7.57,0,706.926,7.051893,6.088203,4,1
1559,-5.0,1,708.945,7.93853,6.8033423,4,1
1560,-6.37,0,710.917,7.768155,6.344657,4,1
1561,-5.5,1,712.889,7.292053,2.1153462,1,0
1562,-5.19,1,738.927,7.215876,2.067099,1,0
1563,-6.54,0,740.899,5.9686313,1.7619679,1,0
1564,-4.92,1,755.014,8.937515,7.0268507,4,1
1565,-4.87,1,781.052,9.123869,5.965617,6,1
1566,-6.04,0,783.024,7.4168935,2.2436092,1,0
1567,-5.09,1,788.987,8.478285,7.2844753,4,1
1568,-5.41,1,815.025,10.922409,4.6056576,6,1
1569,-5.34,1,816.997,9.911798,4.5797997,6,1
1570,-5.4,1,620.836,8.904184,4.5976768,7,1
1571,-5.05,1,646.874,10.367053,3.9949167,7,1
1572,-6.76,0,648.846,7.1914735,5.6739125,4,1
1573,-4.97,1,692.943,4.3333364,6.395175,2,0
1574,-5.04,1,696.934,9.640917,5.202081,7,1
1575,-4.88,1,718.981,7.1185575,7.294057,4,1
1576,-6.19,0,720.953,7.3511257,2.668006,4,0
1577,-5.37,1,722.972,7.3271356,7.099021,4,1
1578,-5.18,1,724.944,7.232109,5.234459,7,1
1579,-4.91,1,726.916,6.8831162,7.039081,4,1
1580,-5.12,1,752.954,6.6399784,6.98654,4,1
1581,-5.54,1,754.926,7.261739,4.863879,7,1
1582,-5.48,1,769.041,9.376757,6.755269,4,1
1583,-5.86,1,795.079,9.956016,7.2732906,0,1
1584,-5.0,1,797.051,7.7500286,7.1425357,4,1
1585,-6.67,0,803.014,9.467456,5.8560867,6,1
1586,-7.31,0,829.052,9.216205,7.132717,4,1
1587,-5.19,1,831.024,8.90714,6.091445,4,1
1588,-6.52,0,606.809,8.613836,4.43594,7,1
1589,-6.11,0,632.847,7.3845463,5.78149,4,1
1590,-7.62,0,634.819,7.294837,5.6736197,4,1
1591,-5.84,1,678.916,8.240044,4.8852196,4,1
1592,-5.13,1,682.907,7.408368,2.5163147,1,0
1593,-5.49,1,704.954,8.2158165,5.885987,4,1
1594,-7.0,0,706.926,7.5681725,4.68621,7,1
1595,-4.96,1,708.945,8.876199,5.7716117,4,1
1596,-5.95,1,710.917,9.515031,3.9360268,7,1
1597,-5.32,1,712.889,8.386888,4.6372924,7,1
1598,-5.1,1,738.927,7.488925,2.6049387,1,0
1599,-6.34,0,740.899,8.150041,4.523214,7,1
1600,-4.95,1,755.014,10.051641,5.2416725,0,1
1601,-5.03,1,781.052,10.196994,6.0185323,0,1
1602,-5.44,1,783.024,5.903116,6.47693,7,-1
1603,-5.24,1,788.987,8.77532,4.4154124,1,1
1604,-5.71,1,815.025,10.471588,4.838873,7,1
1605,-5.1,1,816.997,9.553078,4.643983,7,1
1606,-5.76,1,620.836,8.087347,5.3115244,4,1
1607,-5.32,1,646.874,8.869189,4.7482085,7,1
1608,-7.56,0,648.846,7.4914746,4.5205765,7,1
1609,-5.23,1,692.943,7.748992,6.6225824,4,1
1610,-5.22,1,696.934,9.595547,5.0211387,7,1
1611,-4.97,1,718.981,8.334043,6.2938247,4,1
1612,-7.04,0,720.953,8.121209,4.7511325,4,1
1613,-5.1,1,722.972,8.411542,6.9878244,4,1
1614,-6.73,0,724.944,8.199135,5.686511,4,1
1615,-5.14,1,726.916,7.3038893,4.8233156,4,1
1616,-5.09,1,752.954,9.44846,5.986618,0,1
1617,-6.54,0,754.926,8.30092,4.9137807,4,1
1618,-5.09,1,769.041,7.8267436,7.480158,4,1
1619,-5.1,1,795.079,9.981061,6.9206367,0,1
1620,-6.27,0,797.051,7.4102993,2.411451,1,0
1621,-5.5,1,803.014,9.216739,6.965261,4,1
1622,-5.95,1,829.052,10.180725,6.0641527,0,1
1623,-6.17,0,831.024,10.916364,4.2141256,7,1
1624,-6.48,0,606.809,7.441952,2.598528,1,0
1625,-6.48,0,632.847,9.659667,4.163227,7,1
1626,-8.88,0,634.819,7.967659,5.741215,4,1
1627,-6.45,0,678.916,10.766231,4.1030674,7,1
1628,-5.53,1,682.907,8.394899,5.9969726,4,1
1629,-5.96,1,704.954,7.721202,6.8077703,4,1
1630,-7.92,0,706.926,8.152962,5.516452,4,1
1631,-5.28,1,708.945,9.570958,5.358085,7,1
1632,-7.24,0,710.917,7.239574,2.1863484,1,0
1633,-5.68,1,712.889,4.391261,6.4801846,6,0
1634,-5.39,1,738.927,9.864031,4.6012235,7,1
1635,-7.03,0,740.899,7.282024,5.6763725,4,1
1636,-5.29,1,755.014,7.96638,7.2626133,4,1
1637,-5.14,1,781.052,9.047305,6.0432067,4,1
1638,-6.85,0,783.024,8.441305,4.5074244,1,1
1639,-5.39,1,788.987,10.417699,5.2265944,6,1
1640,-5.64,1,815.025,9.920905,7.3163958,4,1
1641,-6.17,0,816.997,8.909505,5.281237,4,1
1642,-6.43,0,620.836,7.305937,4.9777803,7,1
1643,-5.98,1,646.874,9.410341,4.18715,7,1
1644,-7.92,0,648.846,9.478273,3.8367512,7,1
1645,-5.79,1,692.943,8.62005,5.3465304,4,1
1646,-5.34,1,696.934,8.702579,5.925365,4,1
1647,-5.47,1,718.981,8.792772,5.348893,4,1
1648,-7.33,0,720.953,7.0231524,5.085793,4,1
1649,-5.16,1,722.972,9.992481,6.143397,7,1
1650,-6.92,0,724.944,5.3608155,6.4230237,2,0
1651,-5.45,1,726.916,8.39369,6.6171846,4,1
1652,-5.31,1,752.954,7.7317023,6.8152385,4,1
1653,-6.66,0,754.926,7.9572735,5.8693004,4,1
1654,-5.16,1,769.041,11.044814,5.6913414,0,1
1655,-5.15,1,795.079,10.202441,6.469856,0,1
1656,-6.52,0,797.051,8.284312,6.691384,4,1
1657,-5.45,1,803.014,10.145383,5.6265755,0,1
1658,-5.8,1,829.052,10.130365,7.3900385,0,1
1659,-6.27,0,831.024,7.285699,7.2222004,4,1
1660,-6.84,0,606.809,7.3592677,5.109209,7,1
1661,-6.65,0,632.847,8.64423,4.330788,7,1
1662,-8.8,0,634.819,6.6525707,5.253625,4,1
1663,-5.97,1,678.916,10.409487,3.7548695,7,1
1664,-5.41,1,682.907,8.004313,6.6590557,4,1
1665,-5.86,1,704.954,10.037692,4.3511734,7,1
1666,-7.84,0,706.926,8.159413,4.3884172,7,1
1667,-5.3,1,708.945,10.611468,4.1313157,7,1
1668,-6.99,0,710.917,6.5655665,6.5165696,4,1
1669,-5.67,1,712.889,4.6567397,6.2123294,2,0
1670,-5.56,1,738.927,9.727847,5.0824695,7,1
1671,-7.23,0,740.899,8.559685,4.6382546,7,1
1672,-5.19,1,755.014,7.21353,2.022503,1,0
1673,-5.22,1,781.052,8.750517,7.070606,4,1
1674,-6.33,0,783.024,7.8426113,6.501795,4,1
1675,-5.43,1,788.987,10.693617,5.3158855,1,1
1676,-5.62,1,815.025,9.546187,7.0592604,4,1
1677,-5.9,1,816.997,10.511544,3.9965909,7,1
1678,-5.3,1,620.836,7.455735,5.288783,7,1
1679,-5.01,1,646.874,6.9384737,6.3782306,4,1
1680,-6.93,0,648.846,6.600975,6.467695,4,1
1681,-4.91,1,692.943,9.747718,4.4193416,7,1
1682,-4.85,1,696.934,9.2949,5.010887,7,1
1683,-4.83,1,718.981,10.495318,3.9664762,6,1
1684,-6.27,0,720.953,4.3893933,6.35115,2,0
1685,-5.01,1,722.972,8.288328,7.329155,4,1
1686,-5.46,1,724.944,9.642532,4.1852446,7,1
1687,-4.84,1,726.916,8.638459,5.488683,7,1
1688,-4.99,1,752.954,10.9351635,4.2489953,7,1
1689,-5.54,1,754.926,9.306206,4.4840813,7,1
1690,-5.08,1,769.041,9.02812,6.9749866,4,1
1691,-5.35,1,795.079,8.783463,7.2705407,4,1
1692,-5.08,1,797.051,8.529001,6.741031,6,1
1693,-5.81,1,803.014,9.735055,6.388419,0,1
1694,-6.37,0,829.052,8.739875,7.513631,4,1
1695,-5.0,1,831.024,8.521727,4.5996413,4,1
1696,-6.25,0,606.809,7.5884223,5.1151037,7,1
1697,-5.9,1,632.847,7.2142034,5.847548,4,1
1698,-7.48,0,634.819,8.0338335,4.6227226,7,1
1699,-5.58,1,678.916,7.763349,5.971296,4,1
1700,-5.05,1,682.907,7.8289766,6.6028137,4,1
1701,-5.29,1,704.954,8.56603,5.516869,4,1
1702,-6.81,0,706.926,8.89078,4.465332,7,1
1703,-4.96,1,708.945,7.7551103,7.2984843,4,1
1704,-6.04,0,710.917,7.4832826,6.480557,4,1
1705,-5.07,1,712.889,4.3005548,6.250777,6,0
1706,-5.01,1,738.927,7.7981834,6.718287,4,1
1707,-5.89,1,740.899,7.188074,5.5158634,7,1
1708,-4.94,1,755.014,5.006103,6.5384593,0,0
1709,-5.02,1,781.052,9.032619,6.5153465,4,1
1710,-5.56,1,783.024,7.7316914,6.763947,4,1
1711,-5.26,1,788.987,8.517718,7.0245256,4,1
1712,-5.61,1,815.025,9.03041,7.6426177,0,1
1713,-5.15,1,816.997,7.574518,6.7035236,4,1
1714,-5.13,1,620.836,6.74805,6.691557,4,1
1715,-4.91,1,646.874,7.5166206,6.7229905,4,1
1716,-6.6,0,648.846,7.0684266,5.865793,4,1
1717,-4.85,1,692.943,10.285719,4.124269,7,1
1718,-5.11,1,696.934,8.324989,6.687817,4,1
1719,-4.86,1,718.981,4.8343215,6.4345703,6,0
1720,-5.95,1,720.953,6.769225,6.1856647,4,1
1721,-5.43,1,722.972,10.728439,5.031086,7,1
1722,-5.17,1,724.944,9.734716,4.1685147,6,1
1723,-4.98,1,726.916,7.035208,7.277998,4,1
1724,-5.17,1,752.954,9.609978,5.85778,6,1
1725,-5.47,1,754.926,7.7361264,6.3026576,4,1
1726,-5.58,1,769.041,4.9465513,6.473035,2,0
1727,-5.77,1,795.079,9.400589,6.632234,4,1
1728,-5.03,1,797.051,9.015615,5.2439337,6,1
1729,-8.26,0,803.014,8.545454,7.4546647,4,1
1730,-7.17,0,829.052,10.624321,5.502335,6,1
1731,-5.48,1,831.024,9.7668915,5.3831334,6,1
1732,-5.99,1,606.809,8.891604,4.7652936,7,1
1733,-5.58,1,632.847,7.251307,2.990649,4,-1
1734,-7.39,0,634.819,7.7095666,4.677806,7,1
1735,-5.26,1,678.916,6.7609515,6.4889774,4,1
1736,-4.81,1,682.907,8.194955,6.125731,4,1
1737,-5.02,1,704.954,9.384824,4.5378733,7,1
1738,-6.75,0,706.926,6.509635,6.008301,7,1
1739,-4.76,1,708.945,8.000211,6.9410796,4,1
1740,-5.89,1,710.917,7.5081944,5.4337745,4,1
1741,-4.99,1,712.889,6.562458,6.651257,4,1
1742,-4.9,1,738.927,9.373237,4.9363785,6,1
1743,-6.05,0,740.899,4.291426,6.3382907,2,0
1744,-4.81,1,755.014,7.830634,7.1594076,0,1
1745,-4.97,1,781.052,9.9702,5.5601015,0,1
1746,-5.34,1,783.024,10.502747,4.4543896,7,1
1747,-5.23,1,788.987,8.44381,7.117355,4,1
1748,-5.89,1,815.025,8.216682,7.377291,4,1
1749,-5.06,1,816.997,8.584124,4.511616,7,1
1750,-6.26,0,620.836,7.8440194,4.0316224,1,1
1751,-5.75,1,646.874,7.914579,6.270295,4,1
1752,-7.68,0,648.846,4.259667,6.0071917,2,0
1753,-5.72,1,692.943,7.3396215,2.264047,1,0
1754,-4.96,1,696.934,7.8252535,6.7802906,4,1
1755,-5.3,1,718.981,10.093232,4.6894503,7,1
1756,-7.42,0,720.953,4.4483485,6.288368,2,0
1757,-4.9,1,722.972,8.544331,7.123117,4,1
1758,-6.22,0,724.944,7.626783,6.635352,4,1
1759,-5.33,1,726.916,10.618565,3.9589403,7,1
1760,-5.1,1,752.954,8.906147,5.885426,6,1
1761,-6.64,0,754.926,10.29387,3.931649,7,1
1762,-4.86,1,769.041,9.417034,6.0717726,0,1
1763,-5.01,1,795.079,10.110904,5.673163,6,1
1764,-5.81,1,797.051,8.67718,4.300298,1,1
1765,-5.43,1,803.014,10.607259,5.28382,6,1
1766,-5.94,1,829.052,9.955861,6.3319488,0,1
1767,-5.43,1,831.024,10.744909,4.294579,6,1
1768,-6.71,0,606.809,7.683639,5.4179516,4,1
1769,-6.34,0,632.847,8.8817215,4.628238,7,1
1770,-8.0,0,634.819,8.614425,3.9564817,7,1
1771,-6.18,0,678.916,10.260348,4.0858784,7,1
1772,-5.23,1,682.907,7.8399024,6.704311,4,1
1773,-5.81,1,704.954,8.177633,6.14337,4,1
1774,-7.5,0,706.926,9.357019,3.9487886,7,1
1775,-5.04,1,708.945,7.2725954,2.05523,1,0
1776,-6.95,0,710.917,7.4101443,6.0466638,4,1
1777,-5.68,1,712.889,10.412912,4.3191333,6,1
1778,-5.42,1,738.927,9.111371,4.837452,6,1
1779,-6.64,0,740.899,9.574681,4.209251,7,1
1780,-4.93,1,755.014,4.518529,6.4283867,2,0
1781,-4.87,1,781.052,9.438404,6.8469977,4,1
1782,-6.56,0,783.024,8.294909,5.974506,4,1
1783,-5.12,1,788.987,8.060342,7.4381213,4,1
1784,-5.33,1,815.025,8.521041,7.5362473,4,1
1785,-6.0,1,816.997,9.764502,4.5084276,7,1
1786,-5.99,1,620.836,7.346856,5.992108,4,1
1787,-5.57,1,646.874,7.508168,4.7987947,7,1
1788,-7.19,0,648.846,7.304986,5.3737226,4,1
1789,-5.38,1,692.943,9.880948,4.4185433,7,1
1790,-5.01,1,696.934,8.297096,6.474618,4,1
1791,-5.09,1,718.981,8.435162,6.2962136,4,1
1792,-6.66,0,720.953,7.993105,4.618382,4,1
1793,-5.08,1,722.972,10.036789,5.0789742,7,1
1794,-5.7,1,724.944,8.9542675,4.8030205,6,1
1795,-5.1,1,726.916,9.389032,5.0298443,7,1
1796,-5.13,1,752.954,8.800915,6.0097294,6,1
1797,-6.05,0,754.926,3.4496105,6.0749183,6,-1
1798,-5.21,1,769.041,10.037301,6.3574085,0,1
1799,-5.48,1,795.079,10.938446,5.258644,0,1
1800,-5.26,1,797.051,7.1012025,2.010808,1,0
1801,-10.0,0,803.014,10.488546,6.9173713,0,1
1802,-6.88,0,829.052,10.841085,5.0313225,6,1
1803,-5.29,1,831.024,9.126662,5.1113453,6,1
1804,-6.36,0,606.809,7.621474,5.5686226,4,1
1805,-6.0,1,632.847,9.659065,4.1011105,7,1
1806,-7.14,0,634.819,7.3067613,5.326148,7,1
1807,-5.81,1,678.916,8.3266,5.7193785,4,1
1808,-5.22,1,682.907,7.6444855,6.77694,4,1
1809,-5.44,1,704.954,8.108231,6.3894935,4,1
1810,-6.6,0,706.926,7.8577952,4.8098855,7,1
1811,-5.03,1,708.945,8.707651,6.53339,4,1
1812,-6.15,0,710.917,8.306851,5.360616,4,1
1813,-5.31,1,712.889,5.25286,6.420026,2,0
1814,-5.19,1,738.927,7.4470615,2.7402492,4,0
1815,-5.89,1,740.899,9.254633,4.765531,7,1
1816,-5.03,1,755.014,10.452082,4.6042585,7,1
1817,-5.16,1,781.052,10.457053,5.326819,6,1
1818,-5.58,1,783.024,8.766002,5.573758,6,1
1819,-5.44,1,788.987,9.167915,6.605334,4,1
1820,-8.27,0,815.025,10.183413,6.2740045,0,1
1821,-5.27,1,816.997,8.243335,6.932374,4,1
